timestamp;sensor_id;valor
2025-01-01 00:00:00;TEMP_1;16.47
2025-01-01 00:00:00;LUX_1;0.0
2025-01-01 00:00:00;OCC_1;0.0
2025-01-01 00:15:00;TEMP_1;17.51
2025-01-01 00:15:00;LUX_1;0.0
2025-01-01 00:15:00;OCC_1;0.0
2025-01-01 00:30:00;TEMP_1;17.97
2025-01-01 00:30:00;LUX_1;0.0
2025-01-01 00:30:00;OCC_1;0.0
2025-01-01 00:45:00;TEMP_1;18.85
2025-01-01 00:45:00;LUX_1;0.0
2025-01-01 00:45:00;OCC_1;0.0
2025-01-01 01:00:00;TEMP_1;19.95
2025-01-01 01:00:00;LUX_1;0.0
2025-01-01 01:00:00;OCC_1;0.0
2025-01-01 01:15:00;TEMP_1;22.06
2025-01-01 01:15:00;LUX_1;0.0
2025-01-01 01:15:00;OCC_1;1.0
2025-01-01 01:30:00;TEMP_1;20.02
2025-01-01 01:30:00;LUX_1;0.0
2025-01-01 01:30:00;OCC_1;0.0
2025-01-01 01:45:00;TEMP_1;18.52
2025-01-01 01:45:00;LUX_1;0.0
2025-01-01 01:45:00;OCC_1;0.0
2025-01-01 02:00:00;TEMP_1;25.1
2025-01-01 02:00:00;LUX_1;0.0
2025-01-01 02:00:00;OCC_1;0.0
2025-01-01 02:15:00;TEMP_1;21.97
2025-01-01 02:15:00;LUX_1;0.0
2025-01-01 02:15:00;OCC_1;0.0
2025-01-01 02:30:00;TEMP_1;23.13
2025-01-01 02:30:00;LUX_1;0.0
2025-01-01 02:30:00;OCC_1;0.0
2025-01-01 02:45:00;TEMP_1;16.88
2025-01-01 02:45:00;LUX_1;0.0
2025-01-01 02:45:00;OCC_1;0.0
2025-01-01 03:00:00;TEMP_1;20.73
2025-01-01 03:00:00;LUX_1;0.0
2025-01-01 03:00:00;OCC_1;0.0
2025-01-01 03:15:00;TEMP_1;20.01
2025-01-01 03:15:00;LUX_1;0.0
2025-01-01 03:15:00;OCC_1;0.0
2025-01-01 03:30:00;TEMP_1;22.13
2025-01-01 03:30:00;LUX_1;0.0
2025-01-01 03:30:00;OCC_1;0.0
2025-01-01 03:45:00;TEMP_1;17.76
2025-01-01 03:45:00;LUX_1;0.0
2025-01-01 03:45:00;OCC_1;0.0
2025-01-01 04:00:00;TEMP_1;18.04
2025-01-01 04:00:00;LUX_1;0.0
2025-01-01 04:00:00;OCC_1;0.0
2025-01-01 04:15:00;TEMP_1;21.3
2025-01-01 04:15:00;LUX_1;0.0
2025-01-01 04:15:00;OCC_1;0.0
2025-01-01 04:30:00;TEMP_1;25.05
2025-01-01 04:30:00;LUX_1;0.0
2025-01-01 04:30:00;OCC_1;0.0
2025-01-01 04:45:00;TEMP_1;23.78
2025-01-01 04:45:00;LUX_1;0.0
2025-01-01 04:45:00;OCC_1;0.0
2025-01-01 05:00:00;TEMP_1;20.33
2025-01-01 05:00:00;LUX_1;0.0
2025-01-01 05:00:00;OCC_1;0.0
2025-01-01 05:15:00;TEMP_1;22.25
2025-01-01 05:15:00;LUX_1;0.0
2025-01-01 05:15:00;OCC_1;0.0
2025-01-01 05:30:00;TEMP_1;18.04
2025-01-01 05:30:00;LUX_1;0.0
2025-01-01 05:30:00;OCC_1;0.0
2025-01-01 05:45:00;TEMP_1;20.42
2025-01-01 05:45:00;LUX_1;0.0
2025-01-01 05:45:00;OCC_1;0.0
2025-01-01 06:00:00;TEMP_1;26.25
2025-01-01 06:00:00;LUX_1;555.83
2025-01-01 06:00:00;OCC_1;0.0
2025-01-01 06:15:00;TEMP_1;19.4
2025-01-01 06:15:00;LUX_1;606.62
2025-01-01 06:15:00;OCC_1;0.0
2025-01-01 06:30:00;TEMP_1;24.74
2025-01-01 06:30:00;LUX_1;530.8
2025-01-01 06:30:00;OCC_1;0.0
2025-01-01 06:45:00;TEMP_1;22.77
2025-01-01 06:45:00;LUX_1;634.34
2025-01-01 06:45:00;OCC_1;0.0
2025-01-01 07:00:00;TEMP_1;24.97
2025-01-01 07:00:00;LUX_1;484.94
2025-01-01 07:00:00;OCC_1;0.0
2025-01-01 07:15:00;TEMP_1;23.75
2025-01-01 07:15:00;LUX_1;520.52
2025-01-01 07:15:00;OCC_1;0.0
2025-01-01 07:30:00;TEMP_1;24.19
2025-01-01 07:30:00;LUX_1;451.85
2025-01-01 07:30:00;OCC_1;0.0
2025-01-01 07:45:00;TEMP_1;21.3
2025-01-01 07:45:00;LUX_1;418.11
2025-01-01 07:45:00;OCC_1;0.0
2025-01-01 08:00:00;TEMP_1;22.27
2025-01-01 08:00:00;LUX_1;374.72
2025-01-01 08:00:00;OCC_1;0.0
2025-01-01 08:15:00;TEMP_1;26.19
2025-01-01 08:15:00;LUX_1;592.05
2025-01-01 08:15:00;OCC_1;1.0
2025-01-01 08:30:00;TEMP_1;20.7
2025-01-01 08:30:00;LUX_1;588.63
2025-01-01 08:30:00;OCC_1;1.0
2025-01-01 08:45:00;TEMP_1;24.65
2025-01-01 08:45:00;LUX_1;449.24
2025-01-01 08:45:00;OCC_1;1.0
2025-01-01 09:00:00;TEMP_1;28.04
2025-01-01 09:00:00;LUX_1;511.96
2025-01-01 09:00:00;OCC_1;0.0
2025-01-01 09:15:00;TEMP_1;25.14
2025-01-01 09:15:00;LUX_1;570.43
2025-01-01 09:15:00;OCC_1;1.0
2025-01-01 09:30:00;TEMP_1;26.68
2025-01-01 09:30:00;LUX_1;560.29
2025-01-01 09:30:00;OCC_1;1.0
2025-01-01 09:45:00;TEMP_1;23.62
2025-01-01 09:45:00;LUX_1;668.57
2025-01-01 09:45:00;OCC_1;1.0
2025-01-01 10:00:00;TEMP_1;22.62
2025-01-01 10:00:00;LUX_1;570.86
2025-01-01 10:00:00;OCC_1;0.0
2025-01-01 10:15:00;TEMP_1;25.6
2025-01-01 10:15:00;LUX_1;597.04
2025-01-01 10:15:00;OCC_1;0.0
2025-01-01 10:30:00;TEMP_1;25.23
2025-01-01 10:30:00;LUX_1;475.92
2025-01-01 10:30:00;OCC_1;1.0
2025-01-01 10:45:00;TEMP_1;25.67
2025-01-01 10:45:00;LUX_1;552.94
2025-01-01 10:45:00;OCC_1;1.0
2025-01-01 11:00:00;TEMP_1;23.52
2025-01-01 11:00:00;LUX_1;610.1
2025-01-01 11:00:00;OCC_1;1.0
2025-01-01 11:15:00;TEMP_1;23.51
2025-01-01 11:15:00;LUX_1;407.92
2025-01-01 11:15:00;OCC_1;1.0
2025-01-01 11:30:00;TEMP_1;23.39
2025-01-01 11:30:00;LUX_1;505.59
2025-01-01 11:30:00;OCC_1;1.0
2025-01-01 11:45:00;TEMP_1;24.13
2025-01-01 11:45:00;LUX_1;565.27
2025-01-01 11:45:00;OCC_1;0.0
2025-01-01 12:00:00;TEMP_1;21.15
2025-01-01 12:00:00;LUX_1;355.22
2025-01-01 12:00:00;OCC_1;1.0
2025-01-01 12:15:00;TEMP_1;23.13
2025-01-01 12:15:00;LUX_1;590.89
2025-01-01 12:15:00;OCC_1;1.0
2025-01-01 12:30:00;TEMP_1;24.87
2025-01-01 12:30:00;LUX_1;654.21
2025-01-01 12:30:00;OCC_1;1.0
2025-01-01 12:45:00;TEMP_1;22.1
2025-01-01 12:45:00;LUX_1;363.99
2025-01-01 12:45:00;OCC_1;1.0
2025-01-01 13:00:00;TEMP_1;26.88
2025-01-01 13:00:00;LUX_1;455.66
2025-01-01 13:00:00;OCC_1;0.0
2025-01-01 13:15:00;TEMP_1;25.02
2025-01-01 13:15:00;LUX_1;460.11
2025-01-01 13:15:00;OCC_1;1.0
2025-01-01 13:30:00;TEMP_1;28.11
2025-01-01 13:30:00;LUX_1;700.89
2025-01-01 13:30:00;OCC_1;1.0
2025-01-01 13:45:00;TEMP_1;23.69
2025-01-01 13:45:00;LUX_1;426.61
2025-01-01 13:45:00;OCC_1;1.0
2025-01-01 14:00:00;TEMP_1;25.96
2025-01-01 14:00:00;LUX_1;410.06
2025-01-01 14:00:00;OCC_1;1.0
2025-01-01 14:15:00;TEMP_1;25.56
2025-01-01 14:15:00;LUX_1;352.2
2025-01-01 14:15:00;OCC_1;1.0
2025-01-01 14:30:00;TEMP_1;23.1
2025-01-01 14:30:00;LUX_1;556.43
2025-01-01 14:30:00;OCC_1;1.0
2025-01-01 14:45:00;TEMP_1;28.33
2025-01-01 14:45:00;LUX_1;453.01
2025-01-01 14:45:00;OCC_1;0.0
2025-01-01 15:00:00;TEMP_1;24.35
2025-01-01 15:00:00;LUX_1;502.08
2025-01-01 15:00:00;OCC_1;1.0
2025-01-01 15:15:00;TEMP_1;24.29
2025-01-01 15:15:00;LUX_1;349.45
2025-01-01 15:15:00;OCC_1;1.0
2025-01-01 15:30:00;TEMP_1;24.84
2025-01-01 15:30:00;LUX_1;641.39
2025-01-01 15:30:00;OCC_1;1.0
2025-01-01 15:45:00;TEMP_1;24.77
2025-01-01 15:45:00;LUX_1;413.49
2025-01-01 15:45:00;OCC_1;1.0
2025-01-01 16:00:00;TEMP_1;26.18
2025-01-01 16:00:00;LUX_1;516.84
2025-01-01 16:00:00;OCC_1;1.0
2025-01-01 16:15:00;TEMP_1;23.79
2025-01-01 16:15:00;LUX_1;473.38
2025-01-01 16:15:00;OCC_1;1.0
2025-01-01 16:30:00;TEMP_1;26.61
2025-01-01 16:30:00;LUX_1;455.24
2025-01-01 16:30:00;OCC_1;1.0
2025-01-01 16:45:00;TEMP_1;23.55
2025-01-01 16:45:00;LUX_1;600.49
2025-01-01 16:45:00;OCC_1;1.0
2025-01-01 17:00:00;TEMP_1;25.8
2025-01-01 17:00:00;LUX_1;519.45
2025-01-01 17:00:00;OCC_1;1.0
2025-01-01 17:15:00;TEMP_1;24.65
2025-01-01 17:15:00;LUX_1;611.97
2025-01-01 17:15:00;OCC_1;0.0
2025-01-01 17:30:00;TEMP_1;23.0
2025-01-01 17:30:00;LUX_1;376.37
2025-01-01 17:30:00;OCC_1;1.0
2025-01-01 17:45:00;TEMP_1;24.65
2025-01-01 17:45:00;LUX_1;428.01
2025-01-01 17:45:00;OCC_1;1.0
2025-01-01 18:00:00;TEMP_1;25.5
2025-01-01 18:00:00;LUX_1;457.37
2025-01-01 18:00:00;OCC_1;1.0
2025-01-01 18:15:00;TEMP_1;24.41
2025-01-01 18:15:00;LUX_1;440.68
2025-01-01 18:15:00;OCC_1;1.0
2025-01-01 18:30:00;TEMP_1;22.75
2025-01-01 18:30:00;LUX_1;451.78
2025-01-01 18:30:00;OCC_1;1.0
2025-01-01 18:45:00;TEMP_1;24.76
2025-01-01 18:45:00;LUX_1;449.34
2025-01-01 18:45:00;OCC_1;1.0
2025-01-01 19:00:00;TEMP_1;17.55
2025-01-01 19:00:00;LUX_1;0.0
2025-01-01 19:00:00;OCC_1;0.0
2025-01-01 19:15:00;TEMP_1;20.02
2025-01-01 19:15:00;LUX_1;0.0
2025-01-01 19:15:00;OCC_1;0.0
2025-01-01 19:30:00;TEMP_1;22.88
2025-01-01 19:30:00;LUX_1;0.0
2025-01-01 19:30:00;OCC_1;1.0
2025-01-01 19:45:00;TEMP_1;22.87
2025-01-01 19:45:00;LUX_1;0.0
2025-01-01 19:45:00;OCC_1;1.0
2025-01-01 20:00:00;TEMP_1;21.28
2025-01-01 20:00:00;LUX_1;0.0
2025-01-01 20:00:00;OCC_1;0.0
2025-01-01 20:15:00;TEMP_1;20.32
2025-01-01 20:15:00;LUX_1;0.0
2025-01-01 20:15:00;OCC_1;0.0
2025-01-01 20:30:00;TEMP_1;21.95
2025-01-01 20:30:00;LUX_1;0.0
2025-01-01 20:30:00;OCC_1;0.0
2025-01-01 20:45:00;TEMP_1;23.56
2025-01-01 20:45:00;LUX_1;0.0
2025-01-01 20:45:00;OCC_1;0.0
2025-01-01 21:00:00;TEMP_1;19.06
2025-01-01 21:00:00;LUX_1;0.0
2025-01-01 21:00:00;OCC_1;0.0
2025-01-01 21:15:00;TEMP_1;17.89
2025-01-01 21:15:00;LUX_1;0.0
2025-01-01 21:15:00;OCC_1;0.0
2025-01-01 21:30:00;TEMP_1;20.5
2025-01-01 21:30:00;LUX_1;0.0
2025-01-01 21:30:00;OCC_1;0.0
2025-01-01 21:45:00;TEMP_1;20.26
2025-01-01 21:45:00;LUX_1;0.0
2025-01-01 21:45:00;OCC_1;0.0
2025-01-01 22:00:00;TEMP_1;17.7
2025-01-01 22:00:00;LUX_1;0.0
2025-01-01 22:00:00;OCC_1;0.0
2025-01-01 22:15:00;TEMP_1;21.81
2025-01-01 22:15:00;LUX_1;0.0
2025-01-01 22:15:00;OCC_1;1.0
2025-01-01 22:30:00;TEMP_1;17.34
2025-01-01 22:30:00;LUX_1;0.0
2025-01-01 22:30:00;OCC_1;0.0
2025-01-01 22:45:00;TEMP_1;17.91
2025-01-01 22:45:00;LUX_1;0.0
2025-01-01 22:45:00;OCC_1;0.0
2025-01-01 23:00:00;TEMP_1;19.17
2025-01-01 23:00:00;LUX_1;0.0
2025-01-01 23:00:00;OCC_1;0.0
2025-01-01 23:15:00;TEMP_1;22.35
2025-01-01 23:15:00;LUX_1;0.0
2025-01-01 23:15:00;OCC_1;0.0
2025-01-01 23:30:00;TEMP_1;18.09
2025-01-01 23:30:00;LUX_1;0.0
2025-01-01 23:30:00;OCC_1;1.0
2025-01-01 23:45:00;TEMP_1;17.1
2025-01-01 23:45:00;LUX_1;0.0
2025-01-01 23:45:00;OCC_1;1.0
2025-01-02 00:00:00;TEMP_1;19.88
2025-01-02 00:00:00;LUX_1;0.0
2025-01-02 00:00:00;OCC_1;0.0
2025-01-02 00:15:00;TEMP_1;19.07
2025-01-02 00:15:00;LUX_1;0.0
2025-01-02 00:15:00;OCC_1;0.0
2025-01-02 00:30:00;TEMP_1;20.58
2025-01-02 00:30:00;LUX_1;0.0
2025-01-02 00:30:00;OCC_1;0.0
2025-01-02 00:45:00;TEMP_1;18.65
2025-01-02 00:45:00;LUX_1;0.0
2025-01-02 00:45:00;OCC_1;0.0
2025-01-02 01:00:00;TEMP_1;19.67
2025-01-02 01:00:00;LUX_1;0.0
2025-01-02 01:00:00;OCC_1;0.0
2025-01-02 01:15:00;TEMP_1;18.05
2025-01-02 01:15:00;LUX_1;0.0
2025-01-02 01:15:00;OCC_1;0.0
2025-01-02 01:30:00;TEMP_1;19.67
2025-01-02 01:30:00;LUX_1;0.0
2025-01-02 01:30:00;OCC_1;0.0
2025-01-02 01:45:00;TEMP_1;19.19
2025-01-02 01:45:00;LUX_1;0.0
2025-01-02 01:45:00;OCC_1;1.0
2025-01-02 02:00:00;TEMP_1;26.23
2025-01-02 02:00:00;LUX_1;0.0
2025-01-02 02:00:00;OCC_1;0.0
2025-01-02 02:15:00;TEMP_1;22.94
2025-01-02 02:15:00;LUX_1;0.0
2025-01-02 02:15:00;OCC_1;0.0
2025-01-02 02:30:00;TEMP_1;23.73
2025-01-02 02:30:00;LUX_1;0.0
2025-01-02 02:30:00;OCC_1;0.0
2025-01-02 02:45:00;TEMP_1;22.35
2025-01-02 02:45:00;LUX_1;0.0
2025-01-02 02:45:00;OCC_1;0.0
2025-01-02 03:00:00;TEMP_1;21.5
2025-01-02 03:00:00;LUX_1;0.0
2025-01-02 03:00:00;OCC_1;0.0
2025-01-02 03:15:00;TEMP_1;21.49
2025-01-02 03:15:00;LUX_1;0.0
2025-01-02 03:15:00;OCC_1;0.0
2025-01-02 03:30:00;TEMP_1;25.41
2025-01-02 03:30:00;LUX_1;0.0
2025-01-02 03:30:00;OCC_1;1.0
2025-01-02 03:45:00;TEMP_1;22.56
2025-01-02 03:45:00;LUX_1;0.0
2025-01-02 03:45:00;OCC_1;0.0
2025-01-02 04:00:00;TEMP_1;21.27
2025-01-02 04:00:00;LUX_1;0.0
2025-01-02 04:00:00;OCC_1;1.0
2025-01-02 04:15:00;TEMP_1;19.92
2025-01-02 04:15:00;LUX_1;0.0
2025-01-02 04:15:00;OCC_1;0.0
2025-01-02 04:30:00;TEMP_1;22.16
2025-01-02 04:30:00;LUX_1;0.0
2025-01-02 04:30:00;OCC_1;0.0
2025-01-02 04:45:00;TEMP_1;21.51
2025-01-02 04:45:00;LUX_1;0.0
2025-01-02 04:45:00;OCC_1;1.0
2025-01-02 05:00:00;TEMP_1;17.05
2025-01-02 05:00:00;LUX_1;0.0
2025-01-02 05:00:00;OCC_1;0.0
2025-01-02 05:15:00;TEMP_1;21.07
2025-01-02 05:15:00;LUX_1;0.0
2025-01-02 05:15:00;OCC_1;0.0
2025-01-02 05:30:00;TEMP_1;19.45
2025-01-02 05:30:00;LUX_1;0.0
2025-01-02 05:30:00;OCC_1;1.0
2025-01-02 05:45:00;TEMP_1;18.34
2025-01-02 05:45:00;LUX_1;0.0
2025-01-02 05:45:00;OCC_1;0.0
2025-01-02 06:00:00;TEMP_1;23.96
2025-01-02 06:00:00;LUX_1;389.87
2025-01-02 06:00:00;OCC_1;1.0
2025-01-02 06:15:00;TEMP_1;23.86
2025-01-02 06:15:00;LUX_1;471.4
2025-01-02 06:15:00;OCC_1;0.0
2025-01-02 06:30:00;TEMP_1;24.18
2025-01-02 06:30:00;LUX_1;562.46
2025-01-02 06:30:00;OCC_1;0.0
2025-01-02 06:45:00;TEMP_1;22.93
2025-01-02 06:45:00;LUX_1;560.57
2025-01-02 06:45:00;OCC_1;0.0
2025-01-02 07:00:00;TEMP_1;24.23
2025-01-02 07:00:00;LUX_1;468.59
2025-01-02 07:00:00;OCC_1;0.0
2025-01-02 07:15:00;TEMP_1;21.91
2025-01-02 07:15:00;LUX_1;619.46
2025-01-02 07:15:00;OCC_1;0.0
2025-01-02 07:30:00;TEMP_1;22.21
2025-01-02 07:30:00;LUX_1;498.12
2025-01-02 07:30:00;OCC_1;0.0
2025-01-02 07:45:00;TEMP_1;22.12
2025-01-02 07:45:00;LUX_1;538.65
2025-01-02 07:45:00;OCC_1;0.0
2025-01-02 08:00:00;TEMP_1;23.2
2025-01-02 08:00:00;LUX_1;500.39
2025-01-02 08:00:00;OCC_1;1.0
2025-01-02 08:15:00;TEMP_1;26.9
2025-01-02 08:15:00;LUX_1;743.91
2025-01-02 08:15:00;OCC_1;1.0
2025-01-02 08:30:00;TEMP_1;25.56
2025-01-02 08:30:00;LUX_1;428.9
2025-01-02 08:30:00;OCC_1;1.0
2025-01-02 08:45:00;TEMP_1;22.07
2025-01-02 08:45:00;LUX_1;571.16
2025-01-02 08:45:00;OCC_1;1.0
2025-01-02 09:00:00;TEMP_1;21.28
2025-01-02 09:00:00;LUX_1;552.67
2025-01-02 09:00:00;OCC_1;1.0
2025-01-02 09:15:00;TEMP_1;24.33
2025-01-02 09:15:00;LUX_1;622.64
2025-01-02 09:15:00;OCC_1;0.0
2025-01-02 09:30:00;TEMP_1;24.82
2025-01-02 09:30:00;LUX_1;612.36
2025-01-02 09:30:00;OCC_1;1.0
2025-01-02 09:45:00;TEMP_1;25.52
2025-01-02 09:45:00;LUX_1;541.75
2025-01-02 09:45:00;OCC_1;1.0
2025-01-02 10:00:00;TEMP_1;22.95
2025-01-02 10:00:00;LUX_1;530.34
2025-01-02 10:00:00;OCC_1;0.0
2025-01-02 10:15:00;TEMP_1;22.01
2025-01-02 10:15:00;LUX_1;502.23
2025-01-02 10:15:00;OCC_1;1.0
2025-01-02 10:30:00;TEMP_1;23.82
2025-01-02 10:30:00;LUX_1;480.45
2025-01-02 10:30:00;OCC_1;0.0
2025-01-02 10:45:00;TEMP_1;23.19
2025-01-02 10:45:00;LUX_1;518.65
2025-01-02 10:45:00;OCC_1;1.0
2025-01-02 11:00:00;TEMP_1;23.28
2025-01-02 11:00:00;LUX_1;584.34
2025-01-02 11:00:00;OCC_1;1.0
2025-01-02 11:15:00;TEMP_1;25.09
2025-01-02 11:15:00;LUX_1;354.06
2025-01-02 11:15:00;OCC_1;1.0
2025-01-02 11:30:00;TEMP_1;17.53
2025-01-02 11:30:00;LUX_1;427.77
2025-01-02 11:30:00;OCC_1;0.0
2025-01-02 11:45:00;TEMP_1;28.1
2025-01-02 11:45:00;LUX_1;471.29
2025-01-02 11:45:00;OCC_1;0.0
2025-01-02 12:00:00;TEMP_1;23.22
2025-01-02 12:00:00;LUX_1;632.13
2025-01-02 12:00:00;OCC_1;1.0
2025-01-02 12:15:00;TEMP_1;24.73
2025-01-02 12:15:00;LUX_1;618.34
2025-01-02 12:15:00;OCC_1;0.0
2025-01-02 12:30:00;TEMP_1;27.21
2025-01-02 12:30:00;LUX_1;415.21
2025-01-02 12:30:00;OCC_1;1.0
2025-01-02 12:45:00;TEMP_1;25.86
2025-01-02 12:45:00;LUX_1;273.15
2025-01-02 12:45:00;OCC_1;1.0
2025-01-02 13:00:00;TEMP_1;25.72
2025-01-02 13:00:00;LUX_1;509.62
2025-01-02 13:00:00;OCC_1;1.0
2025-01-02 13:15:00;TEMP_1;26.47
2025-01-02 13:15:00;LUX_1;525.79
2025-01-02 13:15:00;OCC_1;1.0
2025-01-02 13:30:00;TEMP_1;27.5
2025-01-02 13:30:00;LUX_1;535.18
2025-01-02 13:30:00;OCC_1;1.0
2025-01-02 13:45:00;TEMP_1;23.85
2025-01-02 13:45:00;LUX_1;550.61
2025-01-02 13:45:00;OCC_1;0.0
2025-01-02 14:00:00;TEMP_1;29.86
2025-01-02 14:00:00;LUX_1;700.69
2025-01-02 14:00:00;OCC_1;0.0
2025-01-02 14:15:00;TEMP_1;23.17
2025-01-02 14:15:00;LUX_1;379.82
2025-01-02 14:15:00;OCC_1;1.0
2025-01-02 14:30:00;TEMP_1;22.14
2025-01-02 14:30:00;LUX_1;389.72
2025-01-02 14:30:00;OCC_1;1.0
2025-01-02 14:45:00;TEMP_1;23.75
2025-01-02 14:45:00;LUX_1;471.89
2025-01-02 14:45:00;OCC_1;1.0
2025-01-02 15:00:00;TEMP_1;21.83
2025-01-02 15:00:00;LUX_1;631.14
2025-01-02 15:00:00;OCC_1;1.0
2025-01-02 15:15:00;TEMP_1;23.75
2025-01-02 15:15:00;LUX_1;323.51
2025-01-02 15:15:00;OCC_1;1.0
2025-01-02 15:30:00;TEMP_1;25.0
2025-01-02 15:30:00;LUX_1;640.49
2025-01-02 15:30:00;OCC_1;1.0
2025-01-02 15:45:00;TEMP_1;23.35
2025-01-02 15:45:00;LUX_1;406.92
2025-01-02 15:45:00;OCC_1;1.0
2025-01-02 16:00:00;TEMP_1;27.12
2025-01-02 16:00:00;LUX_1;457.64
2025-01-02 16:00:00;OCC_1;0.0
2025-01-02 16:15:00;TEMP_1;27.71
2025-01-02 16:15:00;LUX_1;673.64
2025-01-02 16:15:00;OCC_1;1.0
2025-01-02 16:30:00;TEMP_1;25.9
2025-01-02 16:30:00;LUX_1;444.43
2025-01-02 16:30:00;OCC_1;1.0
2025-01-02 16:45:00;TEMP_1;24.33
2025-01-02 16:45:00;LUX_1;699.27
2025-01-02 16:45:00;OCC_1;1.0
2025-01-02 17:00:00;TEMP_1;22.8
2025-01-02 17:00:00;LUX_1;729.89
2025-01-02 17:00:00;OCC_1;0.0
2025-01-02 17:15:00;TEMP_1;26.81
2025-01-02 17:15:00;LUX_1;369.51
2025-01-02 17:15:00;OCC_1;1.0
2025-01-02 17:30:00;TEMP_1;26.96
2025-01-02 17:30:00;LUX_1;560.32
2025-01-02 17:30:00;OCC_1;1.0
2025-01-02 17:45:00;TEMP_1;21.98
2025-01-02 17:45:00;LUX_1;448.32
2025-01-02 17:45:00;OCC_1;1.0
2025-01-02 18:00:00;TEMP_1;20.26
2025-01-02 18:00:00;LUX_1;520.23
2025-01-02 18:00:00;OCC_1;0.0
2025-01-02 18:15:00;TEMP_1;25.81
2025-01-02 18:15:00;LUX_1;428.63
2025-01-02 18:15:00;OCC_1;1.0
2025-01-02 18:30:00;TEMP_1;22.41
2025-01-02 18:30:00;LUX_1;476.07
2025-01-02 18:30:00;OCC_1;1.0
2025-01-02 18:45:00;TEMP_1;25.09
2025-01-02 18:45:00;LUX_1;576.81
2025-01-02 18:45:00;OCC_1;1.0
2025-01-02 19:00:00;TEMP_1;16.96
2025-01-02 19:00:00;LUX_1;0.0
2025-01-02 19:00:00;OCC_1;0.0
2025-01-02 19:15:00;TEMP_1;19.25
2025-01-02 19:15:00;LUX_1;0.0
2025-01-02 19:15:00;OCC_1;0.0
2025-01-02 19:30:00;TEMP_1;16.12
2025-01-02 19:30:00;LUX_1;0.0
2025-01-02 19:30:00;OCC_1;0.0
2025-01-02 19:45:00;TEMP_1;15.45
2025-01-02 19:45:00;LUX_1;0.0
2025-01-02 19:45:00;OCC_1;0.0
2025-01-02 20:00:00;TEMP_1;18.75
2025-01-02 20:00:00;LUX_1;0.0
2025-01-02 20:00:00;OCC_1;0.0
2025-01-02 20:15:00;TEMP_1;21.31
2025-01-02 20:15:00;LUX_1;0.0
2025-01-02 20:15:00;OCC_1;0.0
2025-01-02 20:30:00;TEMP_1;19.4
2025-01-02 20:30:00;LUX_1;0.0
2025-01-02 20:30:00;OCC_1;0.0
2025-01-02 20:45:00;TEMP_1;24.14
2025-01-02 20:45:00;LUX_1;0.0
2025-01-02 20:45:00;OCC_1;1.0
2025-01-02 21:00:00;TEMP_1;23.17
2025-01-02 21:00:00;LUX_1;0.0
2025-01-02 21:00:00;OCC_1;0.0
2025-01-02 21:15:00;TEMP_1;23.42
2025-01-02 21:15:00;LUX_1;0.0
2025-01-02 21:15:00;OCC_1;0.0
2025-01-02 21:30:00;TEMP_1;19.48
2025-01-02 21:30:00;LUX_1;0.0
2025-01-02 21:30:00;OCC_1;0.0
2025-01-02 21:45:00;TEMP_1;19.01
2025-01-02 21:45:00;LUX_1;0.0
2025-01-02 21:45:00;OCC_1;0.0
2025-01-02 22:00:00;TEMP_1;20.41
2025-01-02 22:00:00;LUX_1;0.0
2025-01-02 22:00:00;OCC_1;0.0
2025-01-02 22:15:00;TEMP_1;16.65
2025-01-02 22:15:00;LUX_1;0.0
2025-01-02 22:15:00;OCC_1;0.0
2025-01-02 22:30:00;TEMP_1;17.89
2025-01-02 22:30:00;LUX_1;0.0
2025-01-02 22:30:00;OCC_1;0.0
2025-01-02 22:45:00;TEMP_1;21.34
2025-01-02 22:45:00;LUX_1;0.0
2025-01-02 22:45:00;OCC_1;0.0
2025-01-02 23:00:00;TEMP_1;19.15
2025-01-02 23:00:00;LUX_1;0.0
2025-01-02 23:00:00;OCC_1;0.0
2025-01-02 23:15:00;TEMP_1;17.03
2025-01-02 23:15:00;LUX_1;0.0
2025-01-02 23:15:00;OCC_1;0.0
2025-01-02 23:30:00;TEMP_1;16.49
2025-01-02 23:30:00;LUX_1;0.0
2025-01-02 23:30:00;OCC_1;0.0
2025-01-02 23:45:00;TEMP_1;24.58
2025-01-02 23:45:00;LUX_1;0.0
2025-01-02 23:45:00;OCC_1;0.0
2025-01-03 00:00:00;TEMP_1;20.54
2025-01-03 00:00:00;LUX_1;0.0
2025-01-03 00:00:00;OCC_1;0.0
2025-01-03 00:15:00;TEMP_1;19.65
2025-01-03 00:15:00;LUX_1;0.0
2025-01-03 00:15:00;OCC_1;0.0
2025-01-03 00:30:00;TEMP_1;16.03
2025-01-03 00:30:00;LUX_1;0.0
2025-01-03 00:30:00;OCC_1;0.0
2025-01-03 00:45:00;TEMP_1;19.61
2025-01-03 00:45:00;LUX_1;0.0
2025-01-03 00:45:00;OCC_1;0.0
2025-01-03 01:00:00;TEMP_1;19.52
2025-01-03 01:00:00;LUX_1;0.0
2025-01-03 01:00:00;OCC_1;0.0
2025-01-03 01:15:00;TEMP_1;23.12
2025-01-03 01:15:00;LUX_1;0.0
2025-01-03 01:15:00;OCC_1;0.0
2025-01-03 01:30:00;TEMP_1;20.23
2025-01-03 01:30:00;LUX_1;0.0
2025-01-03 01:30:00;OCC_1;1.0
2025-01-03 01:45:00;TEMP_1;19.79
2025-01-03 01:45:00;LUX_1;0.0
2025-01-03 01:45:00;OCC_1;0.0
2025-01-03 02:00:00;TEMP_1;19.78
2025-01-03 02:00:00;LUX_1;0.0
2025-01-03 02:00:00;OCC_1;0.0
2025-01-03 02:15:00;TEMP_1;18.33
2025-01-03 02:15:00;LUX_1;0.0
2025-01-03 02:15:00;OCC_1;1.0
2025-01-03 02:30:00;TEMP_1;20.93
2025-01-03 02:30:00;LUX_1;0.0
2025-01-03 02:30:00;OCC_1;0.0
2025-01-03 02:45:00;TEMP_1;23.97
2025-01-03 02:45:00;LUX_1;0.0
2025-01-03 02:45:00;OCC_1;0.0
2025-01-03 03:00:00;TEMP_1;17.47
2025-01-03 03:00:00;LUX_1;0.0
2025-01-03 03:00:00;OCC_1;0.0
2025-01-03 03:15:00;TEMP_1;20.88
2025-01-03 03:15:00;LUX_1;0.0
2025-01-03 03:15:00;OCC_1;0.0
2025-01-03 03:30:00;TEMP_1;21.23
2025-01-03 03:30:00;LUX_1;0.0
2025-01-03 03:30:00;OCC_1;1.0
2025-01-03 03:45:00;TEMP_1;16.47
2025-01-03 03:45:00;LUX_1;0.0
2025-01-03 03:45:00;OCC_1;1.0
2025-01-03 04:00:00;TEMP_1;21.24
2025-01-03 04:00:00;LUX_1;0.0
2025-01-03 04:00:00;OCC_1;0.0
2025-01-03 04:15:00;TEMP_1;17.46
2025-01-03 04:15:00;LUX_1;0.0
2025-01-03 04:15:00;OCC_1;0.0
2025-01-03 04:30:00;TEMP_1;15.78
2025-01-03 04:30:00;LUX_1;0.0
2025-01-03 04:30:00;OCC_1;1.0
2025-01-03 04:45:00;TEMP_1;22.74
2025-01-03 04:45:00;LUX_1;0.0
2025-01-03 04:45:00;OCC_1;1.0
2025-01-03 05:00:00;TEMP_1;20.23
2025-01-03 05:00:00;LUX_1;0.0
2025-01-03 05:00:00;OCC_1;0.0
2025-01-03 05:15:00;TEMP_1;17.49
2025-01-03 05:15:00;LUX_1;0.0
2025-01-03 05:15:00;OCC_1;0.0
2025-01-03 05:30:00;TEMP_1;17.45
2025-01-03 05:30:00;LUX_1;0.0
2025-01-03 05:30:00;OCC_1;0.0
2025-01-03 05:45:00;TEMP_1;20.49
2025-01-03 05:45:00;LUX_1;0.0
2025-01-03 05:45:00;OCC_1;0.0
2025-01-03 06:00:00;TEMP_1;22.71
2025-01-03 06:00:00;LUX_1;583.19
2025-01-03 06:00:00;OCC_1;0.0
2025-01-03 06:15:00;TEMP_1;26.28
2025-01-03 06:15:00;LUX_1;511.87
2025-01-03 06:15:00;OCC_1;0.0
2025-01-03 06:30:00;TEMP_1;26.95
2025-01-03 06:30:00;LUX_1;493.76
2025-01-03 06:30:00;OCC_1;0.0
2025-01-03 06:45:00;TEMP_1;25.48
2025-01-03 06:45:00;LUX_1;332.08
2025-01-03 06:45:00;OCC_1;0.0
2025-01-03 07:00:00;TEMP_1;21.86
2025-01-03 07:00:00;LUX_1;514.99
2025-01-03 07:00:00;OCC_1;0.0
2025-01-03 07:15:00;TEMP_1;23.81
2025-01-03 07:15:00;LUX_1;475.52
2025-01-03 07:15:00;OCC_1;1.0
2025-01-03 07:30:00;TEMP_1;24.29
2025-01-03 07:30:00;LUX_1;464.26
2025-01-03 07:30:00;OCC_1;0.0
2025-01-03 07:45:00;TEMP_1;24.5
2025-01-03 07:45:00;LUX_1;539.14
2025-01-03 07:45:00;OCC_1;0.0
2025-01-03 08:00:00;TEMP_1;22.11
2025-01-03 08:00:00;LUX_1;657.78
2025-01-03 08:00:00;OCC_1;0.0
2025-01-03 08:15:00;TEMP_1;24.3
2025-01-03 08:15:00;LUX_1;514.41
2025-01-03 08:15:00;OCC_1;1.0
2025-01-03 08:30:00;TEMP_1;22.18
2025-01-03 08:30:00;LUX_1;483.16
2025-01-03 08:30:00;OCC_1;1.0
2025-01-03 08:45:00;TEMP_1;22.75
2025-01-03 08:45:00;LUX_1;332.89
2025-01-03 08:45:00;OCC_1;1.0
2025-01-03 09:00:00;TEMP_1;23.11
2025-01-03 09:00:00;LUX_1;250.74
2025-01-03 09:00:00;OCC_1;1.0
2025-01-03 09:15:00;TEMP_1;22.31
2025-01-03 09:15:00;LUX_1;591.21
2025-01-03 09:15:00;OCC_1;1.0
2025-01-03 09:30:00;TEMP_1;21.92
2025-01-03 09:30:00;LUX_1;246.1
2025-01-03 09:30:00;OCC_1;1.0
2025-01-03 09:45:00;TEMP_1;21.97
2025-01-03 09:45:00;LUX_1;516.8
2025-01-03 09:45:00;OCC_1;1.0
2025-01-03 10:00:00;TEMP_1;24.57
2025-01-03 10:00:00;LUX_1;552.14
2025-01-03 10:00:00;OCC_1;1.0
2025-01-03 10:15:00;TEMP_1;20.9
2025-01-03 10:15:00;LUX_1;553.86
2025-01-03 10:15:00;OCC_1;1.0
2025-01-03 10:30:00;TEMP_1;24.75
2025-01-03 10:30:00;LUX_1;402.29
2025-01-03 10:30:00;OCC_1;0.0
2025-01-03 10:45:00;TEMP_1;27.35
2025-01-03 10:45:00;LUX_1;525.26
2025-01-03 10:45:00;OCC_1;0.0
2025-01-03 11:00:00;TEMP_1;23.89
2025-01-03 11:00:00;LUX_1;630.09
2025-01-03 11:00:00;OCC_1;0.0
2025-01-03 11:15:00;TEMP_1;22.55
2025-01-03 11:15:00;LUX_1;595.19
2025-01-03 11:15:00;OCC_1;1.0
2025-01-03 11:30:00;TEMP_1;24.19
2025-01-03 11:30:00;LUX_1;428.9
2025-01-03 11:30:00;OCC_1;0.0
2025-01-03 11:45:00;TEMP_1;23.19
2025-01-03 11:45:00;LUX_1;436.93
2025-01-03 11:45:00;OCC_1;1.0
2025-01-03 12:00:00;TEMP_1;19.6
2025-01-03 12:00:00;LUX_1;528.49
2025-01-03 12:00:00;OCC_1;1.0
2025-01-03 12:15:00;TEMP_1;25.08
2025-01-03 12:15:00;LUX_1;491.68
2025-01-03 12:15:00;OCC_1;0.0
2025-01-03 12:30:00;TEMP_1;25.43
2025-01-03 12:30:00;LUX_1;561.57
2025-01-03 12:30:00;OCC_1;0.0
2025-01-03 12:45:00;TEMP_1;23.22
2025-01-03 12:45:00;LUX_1;629.99
2025-01-03 12:45:00;OCC_1;0.0
2025-01-03 13:00:00;TEMP_1;21.84
2025-01-03 13:00:00;LUX_1;604.79
2025-01-03 13:00:00;OCC_1;1.0
2025-01-03 13:15:00;TEMP_1;23.11
2025-01-03 13:15:00;LUX_1;312.7
2025-01-03 13:15:00;OCC_1;0.0
2025-01-03 13:30:00;TEMP_1;26.04
2025-01-03 13:30:00;LUX_1;473.67
2025-01-03 13:30:00;OCC_1;1.0
2025-01-03 13:45:00;TEMP_1;23.03
2025-01-03 13:45:00;LUX_1;553.94
2025-01-03 13:45:00;OCC_1;1.0
2025-01-03 14:00:00;TEMP_1;24.14
2025-01-03 14:00:00;LUX_1;419.61
2025-01-03 14:00:00;OCC_1;1.0
2025-01-03 14:15:00;TEMP_1;22.84
2025-01-03 14:15:00;LUX_1;581.61
2025-01-03 14:15:00;OCC_1;1.0
2025-01-03 14:30:00;TEMP_1;22.81
2025-01-03 14:30:00;LUX_1;245.59
2025-01-03 14:30:00;OCC_1;0.0
2025-01-03 14:45:00;TEMP_1;27.51
2025-01-03 14:45:00;LUX_1;450.04
2025-01-03 14:45:00;OCC_1;1.0
2025-01-03 15:00:00;TEMP_1;23.95
2025-01-03 15:00:00;LUX_1;658.83
2025-01-03 15:00:00;OCC_1;1.0
2025-01-03 15:15:00;TEMP_1;24.47
2025-01-03 15:15:00;LUX_1;441.63
2025-01-03 15:15:00;OCC_1;1.0
2025-01-03 15:30:00;TEMP_1;25.3
2025-01-03 15:30:00;LUX_1;377.16
2025-01-03 15:30:00;OCC_1;1.0
2025-01-03 15:45:00;TEMP_1;23.14
2025-01-03 15:45:00;LUX_1;650.15
2025-01-03 15:45:00;OCC_1;1.0
2025-01-03 16:00:00;TEMP_1;24.82
2025-01-03 16:00:00;LUX_1;451.93
2025-01-03 16:00:00;OCC_1;1.0
2025-01-03 16:15:00;TEMP_1;24.92
2025-01-03 16:15:00;LUX_1;488.08
2025-01-03 16:15:00;OCC_1;0.0
2025-01-03 16:30:00;TEMP_1;24.28
2025-01-03 16:30:00;LUX_1;507.41
2025-01-03 16:30:00;OCC_1;0.0
2025-01-03 16:45:00;TEMP_1;23.56
2025-01-03 16:45:00;LUX_1;512.98
2025-01-03 16:45:00;OCC_1;0.0
2025-01-03 17:00:00;TEMP_1;24.6
2025-01-03 17:00:00;LUX_1;460.7
2025-01-03 17:00:00;OCC_1;0.0
2025-01-03 17:15:00;TEMP_1;22.63
2025-01-03 17:15:00;LUX_1;618.55
2025-01-03 17:15:00;OCC_1;1.0
2025-01-03 17:30:00;TEMP_1;23.55
2025-01-03 17:30:00;LUX_1;611.15
2025-01-03 17:30:00;OCC_1;0.0
2025-01-03 17:45:00;TEMP_1;23.71
2025-01-03 17:45:00;LUX_1;509.11
2025-01-03 17:45:00;OCC_1;0.0
2025-01-03 18:00:00;TEMP_1;20.5
2025-01-03 18:00:00;LUX_1;539.81
2025-01-03 18:00:00;OCC_1;1.0
2025-01-03 18:15:00;TEMP_1;23.92
2025-01-03 18:15:00;LUX_1;462.55
2025-01-03 18:15:00;OCC_1;0.0
2025-01-03 18:30:00;TEMP_1;29.1
2025-01-03 18:30:00;LUX_1;244.2
2025-01-03 18:30:00;OCC_1;1.0
2025-01-03 18:45:00;TEMP_1;24.03
2025-01-03 18:45:00;LUX_1;563.45
2025-01-03 18:45:00;OCC_1;0.0
2025-01-03 19:00:00;TEMP_1;19.19
2025-01-03 19:00:00;LUX_1;0.0
2025-01-03 19:00:00;OCC_1;0.0
2025-01-03 19:15:00;TEMP_1;15.79
2025-01-03 19:15:00;LUX_1;0.0
2025-01-03 19:15:00;OCC_1;0.0
2025-01-03 19:30:00;TEMP_1;20.91
2025-01-03 19:30:00;LUX_1;0.0
2025-01-03 19:30:00;OCC_1;0.0
2025-01-03 19:45:00;TEMP_1;16.9
2025-01-03 19:45:00;LUX_1;0.0
2025-01-03 19:45:00;OCC_1;0.0
2025-01-03 20:00:00;TEMP_1;21.02
2025-01-03 20:00:00;LUX_1;0.0
2025-01-03 20:00:00;OCC_1;1.0
2025-01-03 20:15:00;TEMP_1;20.26
2025-01-03 20:15:00;LUX_1;0.0
2025-01-03 20:15:00;OCC_1;0.0
2025-01-03 20:30:00;TEMP_1;15.02
2025-01-03 20:30:00;LUX_1;0.0
2025-01-03 20:30:00;OCC_1;0.0
2025-01-03 20:45:00;TEMP_1;23.34
2025-01-03 20:45:00;LUX_1;0.0
2025-01-03 20:45:00;OCC_1;0.0
2025-01-03 21:00:00;TEMP_1;22.42
2025-01-03 21:00:00;LUX_1;0.0
2025-01-03 21:00:00;OCC_1;1.0
2025-01-03 21:15:00;TEMP_1;20.26
2025-01-03 21:15:00;LUX_1;0.0
2025-01-03 21:15:00;OCC_1;0.0
2025-01-03 21:30:00;TEMP_1;21.14
2025-01-03 21:30:00;LUX_1;0.0
2025-01-03 21:30:00;OCC_1;0.0
2025-01-03 21:45:00;TEMP_1;18.02
2025-01-03 21:45:00;LUX_1;0.0
2025-01-03 21:45:00;OCC_1;0.0
2025-01-03 22:00:00;TEMP_1;20.13
2025-01-03 22:00:00;LUX_1;0.0
2025-01-03 22:00:00;OCC_1;0.0
2025-01-03 22:15:00;TEMP_1;22.2
2025-01-03 22:15:00;LUX_1;0.0
2025-01-03 22:15:00;OCC_1;0.0
2025-01-03 22:30:00;TEMP_1;19.0
2025-01-03 22:30:00;LUX_1;0.0
2025-01-03 22:30:00;OCC_1;0.0
2025-01-03 22:45:00;TEMP_1;22.93
2025-01-03 22:45:00;LUX_1;0.0
2025-01-03 22:45:00;OCC_1;0.0
2025-01-03 23:00:00;TEMP_1;20.89
2025-01-03 23:00:00;LUX_1;0.0
2025-01-03 23:00:00;OCC_1;0.0
2025-01-03 23:15:00;TEMP_1;20.22
2025-01-03 23:15:00;LUX_1;0.0
2025-01-03 23:15:00;OCC_1;0.0
2025-01-03 23:30:00;TEMP_1;22.42
2025-01-03 23:30:00;LUX_1;0.0
2025-01-03 23:30:00;OCC_1;0.0
2025-01-03 23:45:00;TEMP_1;20.86
2025-01-03 23:45:00;LUX_1;0.0
2025-01-03 23:45:00;OCC_1;0.0
2025-01-04 00:00:00;TEMP_1;17.22
2025-01-04 00:00:00;LUX_1;0.0
2025-01-04 00:00:00;OCC_1;0.0
2025-01-04 00:15:00;TEMP_1;21.62
2025-01-04 00:15:00;LUX_1;0.0
2025-01-04 00:15:00;OCC_1;0.0
2025-01-04 00:30:00;TEMP_1;20.42
2025-01-04 00:30:00;LUX_1;0.0
2025-01-04 00:30:00;OCC_1;0.0
2025-01-04 00:45:00;TEMP_1;21.17
2025-01-04 00:45:00;LUX_1;0.0
2025-01-04 00:45:00;OCC_1;0.0
2025-01-04 01:00:00;TEMP_1;20.13
2025-01-04 01:00:00;LUX_1;0.0
2025-01-04 01:00:00;OCC_1;0.0
2025-01-04 01:15:00;TEMP_1;20.85
2025-01-04 01:15:00;LUX_1;0.0
2025-01-04 01:15:00;OCC_1;0.0
2025-01-04 01:30:00;TEMP_1;20.23
2025-01-04 01:30:00;LUX_1;0.0
2025-01-04 01:30:00;OCC_1;0.0
2025-01-04 01:45:00;TEMP_1;20.77
2025-01-04 01:45:00;LUX_1;0.0
2025-01-04 01:45:00;OCC_1;0.0
2025-01-04 02:00:00;TEMP_1;23.1
2025-01-04 02:00:00;LUX_1;0.0
2025-01-04 02:00:00;OCC_1;0.0
2025-01-04 02:15:00;TEMP_1;19.98
2025-01-04 02:15:00;LUX_1;0.0
2025-01-04 02:15:00;OCC_1;1.0
2025-01-04 02:30:00;TEMP_1;24.85
2025-01-04 02:30:00;LUX_1;0.0
2025-01-04 02:30:00;OCC_1;1.0
2025-01-04 02:45:00;TEMP_1;20.73
2025-01-04 02:45:00;LUX_1;0.0
2025-01-04 02:45:00;OCC_1;1.0
2025-01-04 03:00:00;TEMP_1;23.79
2025-01-04 03:00:00;LUX_1;0.0
2025-01-04 03:00:00;OCC_1;0.0
2025-01-04 03:15:00;TEMP_1;19.84
2025-01-04 03:15:00;LUX_1;0.0
2025-01-04 03:15:00;OCC_1;0.0
2025-01-04 03:30:00;TEMP_1;23.13
2025-01-04 03:30:00;LUX_1;0.0
2025-01-04 03:30:00;OCC_1;0.0
2025-01-04 03:45:00;TEMP_1;19.02
2025-01-04 03:45:00;LUX_1;0.0
2025-01-04 03:45:00;OCC_1;0.0
2025-01-04 04:00:00;TEMP_1;20.87
2025-01-04 04:00:00;LUX_1;0.0
2025-01-04 04:00:00;OCC_1;0.0
2025-01-04 04:15:00;TEMP_1;21.44
2025-01-04 04:15:00;LUX_1;0.0
2025-01-04 04:15:00;OCC_1;0.0
2025-01-04 04:30:00;TEMP_1;23.19
2025-01-04 04:30:00;LUX_1;0.0
2025-01-04 04:30:00;OCC_1;0.0
2025-01-04 04:45:00;TEMP_1;22.92
2025-01-04 04:45:00;LUX_1;0.0
2025-01-04 04:45:00;OCC_1;0.0
2025-01-04 05:00:00;TEMP_1;18.37
2025-01-04 05:00:00;LUX_1;0.0
2025-01-04 05:00:00;OCC_1;0.0
2025-01-04 05:15:00;TEMP_1;19.42
2025-01-04 05:15:00;LUX_1;0.0
2025-01-04 05:15:00;OCC_1;0.0
2025-01-04 05:30:00;TEMP_1;19.74
2025-01-04 05:30:00;LUX_1;0.0
2025-01-04 05:30:00;OCC_1;0.0
2025-01-04 05:45:00;TEMP_1;18.69
2025-01-04 05:45:00;LUX_1;0.0
2025-01-04 05:45:00;OCC_1;1.0
2025-01-04 06:00:00;TEMP_1;25.54
2025-01-04 06:00:00;LUX_1;512.66
2025-01-04 06:00:00;OCC_1;0.0
2025-01-04 06:15:00;TEMP_1;26.37
2025-01-04 06:15:00;LUX_1;388.99
2025-01-04 06:15:00;OCC_1;0.0
2025-01-04 06:30:00;TEMP_1;25.2
2025-01-04 06:30:00;LUX_1;581.68
2025-01-04 06:30:00;OCC_1;0.0
2025-01-04 06:45:00;TEMP_1;26.24
2025-01-04 06:45:00;LUX_1;604.96
2025-01-04 06:45:00;OCC_1;0.0
2025-01-04 07:00:00;TEMP_1;28.15
2025-01-04 07:00:00;LUX_1;587.28
2025-01-04 07:00:00;OCC_1;0.0
2025-01-04 07:15:00;TEMP_1;23.59
2025-01-04 07:15:00;LUX_1;517.98
2025-01-04 07:15:00;OCC_1;0.0
2025-01-04 07:30:00;TEMP_1;23.17
2025-01-04 07:30:00;LUX_1;474.82
2025-01-04 07:30:00;OCC_1;0.0
2025-01-04 07:45:00;TEMP_1;24.48
2025-01-04 07:45:00;LUX_1;490.36
2025-01-04 07:45:00;OCC_1;0.0
2025-01-04 08:00:00;TEMP_1;23.14
2025-01-04 08:00:00;LUX_1;786.16
2025-01-04 08:00:00;OCC_1;0.0
2025-01-04 08:15:00;TEMP_1;23.06
2025-01-04 08:15:00;LUX_1;382.14
2025-01-04 08:15:00;OCC_1;0.0
2025-01-04 08:30:00;TEMP_1;25.09
2025-01-04 08:30:00;LUX_1;432.67
2025-01-04 08:30:00;OCC_1;0.0
2025-01-04 08:45:00;TEMP_1;27.85
2025-01-04 08:45:00;LUX_1;366.29
2025-01-04 08:45:00;OCC_1;0.0
2025-01-04 09:00:00;TEMP_1;22.48
2025-01-04 09:00:00;LUX_1;413.27
2025-01-04 09:00:00;OCC_1;0.0
2025-01-04 09:15:00;TEMP_1;24.15
2025-01-04 09:15:00;LUX_1;631.4
2025-01-04 09:15:00;OCC_1;0.0
2025-01-04 09:30:00;TEMP_1;24.88
2025-01-04 09:30:00;LUX_1;621.45
2025-01-04 09:30:00;OCC_1;1.0
2025-01-04 09:45:00;TEMP_1;21.35
2025-01-04 09:45:00;LUX_1;494.65
2025-01-04 09:45:00;OCC_1;0.0
2025-01-04 10:00:00;TEMP_1;26.74
2025-01-04 10:00:00;LUX_1;368.0
2025-01-04 10:00:00;OCC_1;0.0
2025-01-04 10:15:00;TEMP_1;26.53
2025-01-04 10:15:00;LUX_1;455.43
2025-01-04 10:15:00;OCC_1;0.0
2025-01-04 10:30:00;TEMP_1;22.55
2025-01-04 10:30:00;LUX_1;610.69
2025-01-04 10:30:00;OCC_1;1.0
2025-01-04 10:45:00;TEMP_1;27.46
2025-01-04 10:45:00;LUX_1;465.76
2025-01-04 10:45:00;OCC_1;0.0
2025-01-04 11:00:00;TEMP_1;24.18
2025-01-04 11:00:00;LUX_1;490.4
2025-01-04 11:00:00;OCC_1;0.0
2025-01-04 11:15:00;TEMP_1;23.31
2025-01-04 11:15:00;LUX_1;503.21
2025-01-04 11:15:00;OCC_1;0.0
2025-01-04 11:30:00;TEMP_1;24.18
2025-01-04 11:30:00;LUX_1;489.77
2025-01-04 11:30:00;OCC_1;0.0
2025-01-04 11:45:00;TEMP_1;20.06
2025-01-04 11:45:00;LUX_1;619.01
2025-01-04 11:45:00;OCC_1;0.0
2025-01-04 12:00:00;TEMP_1;25.99
2025-01-04 12:00:00;LUX_1;421.46
2025-01-04 12:00:00;OCC_1;0.0
2025-01-04 12:15:00;TEMP_1;25.38
2025-01-04 12:15:00;LUX_1;595.64
2025-01-04 12:15:00;OCC_1;1.0
2025-01-04 12:30:00;TEMP_1;22.97
2025-01-04 12:30:00;LUX_1;536.13
2025-01-04 12:30:00;OCC_1;0.0
2025-01-04 12:45:00;TEMP_1;25.74
2025-01-04 12:45:00;LUX_1;434.32
2025-01-04 12:45:00;OCC_1;0.0
2025-01-04 13:00:00;TEMP_1;26.79
2025-01-04 13:00:00;LUX_1;545.33
2025-01-04 13:00:00;OCC_1;1.0
2025-01-04 13:15:00;TEMP_1;23.85
2025-01-04 13:15:00;LUX_1;455.11
2025-01-04 13:15:00;OCC_1;0.0
2025-01-04 13:30:00;TEMP_1;25.22
2025-01-04 13:30:00;LUX_1;524.42
2025-01-04 13:30:00;OCC_1;0.0
2025-01-04 13:45:00;TEMP_1;26.77
2025-01-04 13:45:00;LUX_1;674.43
2025-01-04 13:45:00;OCC_1;0.0
2025-01-04 14:00:00;TEMP_1;22.61
2025-01-04 14:00:00;LUX_1;606.43
2025-01-04 14:00:00;OCC_1;0.0
2025-01-04 14:15:00;TEMP_1;23.17
2025-01-04 14:15:00;LUX_1;424.18
2025-01-04 14:15:00;OCC_1;0.0
2025-01-04 14:30:00;TEMP_1;26.12
2025-01-04 14:30:00;LUX_1;461.92
2025-01-04 14:30:00;OCC_1;0.0
2025-01-04 14:45:00;TEMP_1;23.57
2025-01-04 14:45:00;LUX_1;509.64
2025-01-04 14:45:00;OCC_1;0.0
2025-01-04 15:00:00;TEMP_1;22.5
2025-01-04 15:00:00;LUX_1;675.97
2025-01-04 15:00:00;OCC_1;0.0
2025-01-04 15:15:00;TEMP_1;26.38
2025-01-04 15:15:00;LUX_1;532.89
2025-01-04 15:15:00;OCC_1;0.0
2025-01-04 15:30:00;TEMP_1;23.68
2025-01-04 15:30:00;LUX_1;570.29
2025-01-04 15:30:00;OCC_1;0.0
2025-01-04 15:45:00;TEMP_1;23.35
2025-01-04 15:45:00;LUX_1;542.99
2025-01-04 15:45:00;OCC_1;0.0
2025-01-04 16:00:00;TEMP_1;25.71
2025-01-04 16:00:00;LUX_1;501.03
2025-01-04 16:00:00;OCC_1;0.0
2025-01-04 16:15:00;TEMP_1;22.77
2025-01-04 16:15:00;LUX_1;480.06
2025-01-04 16:15:00;OCC_1;0.0
2025-01-04 16:30:00;TEMP_1;21.81
2025-01-04 16:30:00;LUX_1;376.56
2025-01-04 16:30:00;OCC_1;0.0
2025-01-04 16:45:00;TEMP_1;22.98
2025-01-04 16:45:00;LUX_1;487.34
2025-01-04 16:45:00;OCC_1;0.0
2025-01-04 17:00:00;TEMP_1;19.08
2025-01-04 17:00:00;LUX_1;539.7
2025-01-04 17:00:00;OCC_1;0.0
2025-01-04 17:15:00;TEMP_1;18.86
2025-01-04 17:15:00;LUX_1;610.62
2025-01-04 17:15:00;OCC_1;0.0
2025-01-04 17:30:00;TEMP_1;17.77
2025-01-04 17:30:00;LUX_1;537.5
2025-01-04 17:30:00;OCC_1;0.0
2025-01-04 17:45:00;TEMP_1;25.32
2025-01-04 17:45:00;LUX_1;344.49
2025-01-04 17:45:00;OCC_1;0.0
2025-01-04 18:00:00;TEMP_1;22.08
2025-01-04 18:00:00;LUX_1;500.32
2025-01-04 18:00:00;OCC_1;0.0
2025-01-04 18:15:00;TEMP_1;22.63
2025-01-04 18:15:00;LUX_1;311.96
2025-01-04 18:15:00;OCC_1;1.0
2025-01-04 18:30:00;TEMP_1;20.0
2025-01-04 18:30:00;LUX_1;518.5
2025-01-04 18:30:00;OCC_1;1.0
2025-01-04 18:45:00;TEMP_1;21.73
2025-01-04 18:45:00;LUX_1;567.01
2025-01-04 18:45:00;OCC_1;0.0
2025-01-04 19:00:00;TEMP_1;18.43
2025-01-04 19:00:00;LUX_1;0.0
2025-01-04 19:00:00;OCC_1;1.0
2025-01-04 19:15:00;TEMP_1;20.01
2025-01-04 19:15:00;LUX_1;0.0
2025-01-04 19:15:00;OCC_1;0.0
2025-01-04 19:30:00;TEMP_1;18.43
2025-01-04 19:30:00;LUX_1;0.0
2025-01-04 19:30:00;OCC_1;0.0
2025-01-04 19:45:00;TEMP_1;20.53
2025-01-04 19:45:00;LUX_1;0.0
2025-01-04 19:45:00;OCC_1;0.0
2025-01-04 20:00:00;TEMP_1;19.44
2025-01-04 20:00:00;LUX_1;0.0
2025-01-04 20:00:00;OCC_1;0.0
2025-01-04 20:15:00;TEMP_1;21.19
2025-01-04 20:15:00;LUX_1;0.0
2025-01-04 20:15:00;OCC_1;0.0
2025-01-04 20:30:00;TEMP_1;20.23
2025-01-04 20:30:00;LUX_1;0.0
2025-01-04 20:30:00;OCC_1;0.0
2025-01-04 20:45:00;TEMP_1;18.51
2025-01-04 20:45:00;LUX_1;0.0
2025-01-04 20:45:00;OCC_1;0.0
2025-01-04 21:00:00;TEMP_1;22.39
2025-01-04 21:00:00;LUX_1;0.0
2025-01-04 21:00:00;OCC_1;0.0
2025-01-04 21:15:00;TEMP_1;22.19
2025-01-04 21:15:00;LUX_1;0.0
2025-01-04 21:15:00;OCC_1;0.0
2025-01-04 21:30:00;TEMP_1;20.15
2025-01-04 21:30:00;LUX_1;0.0
2025-01-04 21:30:00;OCC_1;0.0
2025-01-04 21:45:00;TEMP_1;20.12
2025-01-04 21:45:00;LUX_1;0.0
2025-01-04 21:45:00;OCC_1;0.0
2025-01-04 22:00:00;TEMP_1;18.24
2025-01-04 22:00:00;LUX_1;0.0
2025-01-04 22:00:00;OCC_1;0.0
2025-01-04 22:15:00;TEMP_1;20.03
2025-01-04 22:15:00;LUX_1;0.0
2025-01-04 22:15:00;OCC_1;0.0
2025-01-04 22:30:00;TEMP_1;16.83
2025-01-04 22:30:00;LUX_1;0.0
2025-01-04 22:30:00;OCC_1;0.0
2025-01-04 22:45:00;TEMP_1;19.73
2025-01-04 22:45:00;LUX_1;0.0
2025-01-04 22:45:00;OCC_1;0.0
2025-01-04 23:00:00;TEMP_1;18.95
2025-01-04 23:00:00;LUX_1;0.0
2025-01-04 23:00:00;OCC_1;0.0
2025-01-04 23:15:00;TEMP_1;24.18
2025-01-04 23:15:00;LUX_1;0.0
2025-01-04 23:15:00;OCC_1;0.0
2025-01-04 23:30:00;TEMP_1;24.69
2025-01-04 23:30:00;LUX_1;0.0
2025-01-04 23:30:00;OCC_1;0.0
2025-01-04 23:45:00;TEMP_1;16.6
2025-01-04 23:45:00;LUX_1;0.0
2025-01-04 23:45:00;OCC_1;0.0
2025-01-05 00:00:00;TEMP_1;17.86
2025-01-05 00:00:00;LUX_1;0.0
2025-01-05 00:00:00;OCC_1;0.0
2025-01-05 00:15:00;TEMP_1;20.42
2025-01-05 00:15:00;LUX_1;0.0
2025-01-05 00:15:00;OCC_1;1.0
2025-01-05 00:30:00;TEMP_1;17.72
2025-01-05 00:30:00;LUX_1;0.0
2025-01-05 00:30:00;OCC_1;0.0
2025-01-05 00:45:00;TEMP_1;21.61
2025-01-05 00:45:00;LUX_1;0.0
2025-01-05 00:45:00;OCC_1;0.0
2025-01-05 01:00:00;TEMP_1;17.31
2025-01-05 01:00:00;LUX_1;0.0
2025-01-05 01:00:00;OCC_1;0.0
2025-01-05 01:15:00;TEMP_1;24.35
2025-01-05 01:15:00;LUX_1;0.0
2025-01-05 01:15:00;OCC_1;0.0
2025-01-05 01:30:00;TEMP_1;19.93
2025-01-05 01:30:00;LUX_1;0.0
2025-01-05 01:30:00;OCC_1;0.0
2025-01-05 01:45:00;TEMP_1;18.63
2025-01-05 01:45:00;LUX_1;0.0
2025-01-05 01:45:00;OCC_1;0.0
2025-01-05 02:00:00;TEMP_1;20.64
2025-01-05 02:00:00;LUX_1;0.0
2025-01-05 02:00:00;OCC_1;0.0
2025-01-05 02:15:00;TEMP_1;22.77
2025-01-05 02:15:00;LUX_1;0.0
2025-01-05 02:15:00;OCC_1;0.0
2025-01-05 02:30:00;TEMP_1;17.7
2025-01-05 02:30:00;LUX_1;0.0
2025-01-05 02:30:00;OCC_1;0.0
2025-01-05 02:45:00;TEMP_1;21.63
2025-01-05 02:45:00;LUX_1;0.0
2025-01-05 02:45:00;OCC_1;0.0
2025-01-05 03:00:00;TEMP_1;16.68
2025-01-05 03:00:00;LUX_1;0.0
2025-01-05 03:00:00;OCC_1;0.0
2025-01-05 03:15:00;TEMP_1;22.16
2025-01-05 03:15:00;LUX_1;0.0
2025-01-05 03:15:00;OCC_1;0.0
2025-01-05 03:30:00;TEMP_1;21.6
2025-01-05 03:30:00;LUX_1;0.0
2025-01-05 03:30:00;OCC_1;0.0
2025-01-05 03:45:00;TEMP_1;20.92
2025-01-05 03:45:00;LUX_1;0.0
2025-01-05 03:45:00;OCC_1;0.0
2025-01-05 04:00:00;TEMP_1;20.43
2025-01-05 04:00:00;LUX_1;0.0
2025-01-05 04:00:00;OCC_1;0.0
2025-01-05 04:15:00;TEMP_1;18.46
2025-01-05 04:15:00;LUX_1;0.0
2025-01-05 04:15:00;OCC_1;0.0
2025-01-05 04:30:00;TEMP_1;17.48
2025-01-05 04:30:00;LUX_1;0.0
2025-01-05 04:30:00;OCC_1;0.0
2025-01-05 04:45:00;TEMP_1;20.33
2025-01-05 04:45:00;LUX_1;0.0
2025-01-05 04:45:00;OCC_1;1.0
2025-01-05 05:00:00;TEMP_1;18.97
2025-01-05 05:00:00;LUX_1;0.0
2025-01-05 05:00:00;OCC_1;0.0
2025-01-05 05:15:00;TEMP_1;20.82
2025-01-05 05:15:00;LUX_1;0.0
2025-01-05 05:15:00;OCC_1;0.0
2025-01-05 05:30:00;TEMP_1;23.5
2025-01-05 05:30:00;LUX_1;0.0
2025-01-05 05:30:00;OCC_1;0.0
2025-01-05 05:45:00;TEMP_1;20.41
2025-01-05 05:45:00;LUX_1;0.0
2025-01-05 05:45:00;OCC_1;0.0
2025-01-05 06:00:00;TEMP_1;24.62
2025-01-05 06:00:00;LUX_1;547.37
2025-01-05 06:00:00;OCC_1;0.0
2025-01-05 06:15:00;TEMP_1;23.29
2025-01-05 06:15:00;LUX_1;511.97
2025-01-05 06:15:00;OCC_1;0.0
2025-01-05 06:30:00;TEMP_1;23.43
2025-01-05 06:30:00;LUX_1;469.44
2025-01-05 06:30:00;OCC_1;0.0
2025-01-05 06:45:00;TEMP_1;22.3
2025-01-05 06:45:00;LUX_1;838.39
2025-01-05 06:45:00;OCC_1;0.0
2025-01-05 07:00:00;TEMP_1;19.24
2025-01-05 07:00:00;LUX_1;719.56
2025-01-05 07:00:00;OCC_1;0.0
2025-01-05 07:15:00;TEMP_1;29.04
2025-01-05 07:15:00;LUX_1;457.75
2025-01-05 07:15:00;OCC_1;0.0
2025-01-05 07:30:00;TEMP_1;24.29
2025-01-05 07:30:00;LUX_1;493.09
2025-01-05 07:30:00;OCC_1;1.0
2025-01-05 07:45:00;TEMP_1;23.75
2025-01-05 07:45:00;LUX_1;350.55
2025-01-05 07:45:00;OCC_1;1.0
2025-01-05 08:00:00;TEMP_1;24.58
2025-01-05 08:00:00;LUX_1;345.21
2025-01-05 08:00:00;OCC_1;0.0
2025-01-05 08:15:00;TEMP_1;24.84
2025-01-05 08:15:00;LUX_1;289.69
2025-01-05 08:15:00;OCC_1;0.0
2025-01-05 08:30:00;TEMP_1;23.89
2025-01-05 08:30:00;LUX_1;560.07
2025-01-05 08:30:00;OCC_1;0.0
2025-01-05 08:45:00;TEMP_1;22.82
2025-01-05 08:45:00;LUX_1;402.56
2025-01-05 08:45:00;OCC_1;0.0
2025-01-05 09:00:00;TEMP_1;24.94
2025-01-05 09:00:00;LUX_1;567.24
2025-01-05 09:00:00;OCC_1;0.0
2025-01-05 09:15:00;TEMP_1;20.25
2025-01-05 09:15:00;LUX_1;593.21
2025-01-05 09:15:00;OCC_1;1.0
2025-01-05 09:30:00;TEMP_1;27.24
2025-01-05 09:30:00;LUX_1;646.73
2025-01-05 09:30:00;OCC_1;0.0
2025-01-05 09:45:00;TEMP_1;25.55
2025-01-05 09:45:00;LUX_1;530.35
2025-01-05 09:45:00;OCC_1;0.0
2025-01-05 10:00:00;TEMP_1;23.5
2025-01-05 10:00:00;LUX_1;284.34
2025-01-05 10:00:00;OCC_1;0.0
2025-01-05 10:15:00;TEMP_1;22.63
2025-01-05 10:15:00;LUX_1;302.36
2025-01-05 10:15:00;OCC_1;0.0
2025-01-05 10:30:00;TEMP_1;22.29
2025-01-05 10:30:00;LUX_1;419.26
2025-01-05 10:30:00;OCC_1;0.0
2025-01-05 10:45:00;TEMP_1;23.74
2025-01-05 10:45:00;LUX_1;593.8
2025-01-05 10:45:00;OCC_1;0.0
2025-01-05 11:00:00;TEMP_1;23.97
2025-01-05 11:00:00;LUX_1;418.6
2025-01-05 11:00:00;OCC_1;0.0
2025-01-05 11:15:00;TEMP_1;24.07
2025-01-05 11:15:00;LUX_1;385.36
2025-01-05 11:15:00;OCC_1;0.0
2025-01-05 11:30:00;TEMP_1;22.6
2025-01-05 11:30:00;LUX_1;380.6
2025-01-05 11:30:00;OCC_1;0.0
2025-01-05 11:45:00;TEMP_1;21.88
2025-01-05 11:45:00;LUX_1;470.78
2025-01-05 11:45:00;OCC_1;0.0
2025-01-05 12:00:00;TEMP_1;20.43
2025-01-05 12:00:00;LUX_1;632.27
2025-01-05 12:00:00;OCC_1;0.0
2025-01-05 12:15:00;TEMP_1;23.16
2025-01-05 12:15:00;LUX_1;476.75
2025-01-05 12:15:00;OCC_1;0.0
2025-01-05 12:30:00;TEMP_1;22.93
2025-01-05 12:30:00;LUX_1;689.05
2025-01-05 12:30:00;OCC_1;0.0
2025-01-05 12:45:00;TEMP_1;26.86
2025-01-05 12:45:00;LUX_1;449.64
2025-01-05 12:45:00;OCC_1;0.0
2025-01-05 13:00:00;TEMP_1;24.2
2025-01-05 13:00:00;LUX_1;555.95
2025-01-05 13:00:00;OCC_1;1.0
2025-01-05 13:15:00;TEMP_1;27.04
2025-01-05 13:15:00;LUX_1;473.72
2025-01-05 13:15:00;OCC_1;1.0
2025-01-05 13:30:00;TEMP_1;23.8
2025-01-05 13:30:00;LUX_1;519.44
2025-01-05 13:30:00;OCC_1;1.0
2025-01-05 13:45:00;TEMP_1;23.52
2025-01-05 13:45:00;LUX_1;376.88
2025-01-05 13:45:00;OCC_1;0.0
2025-01-05 14:00:00;TEMP_1;24.31
2025-01-05 14:00:00;LUX_1;693.3
2025-01-05 14:00:00;OCC_1;0.0
2025-01-05 14:15:00;TEMP_1;22.75
2025-01-05 14:15:00;LUX_1;625.68
2025-01-05 14:15:00;OCC_1;0.0
2025-01-05 14:30:00;TEMP_1;24.6
2025-01-05 14:30:00;LUX_1;247.37
2025-01-05 14:30:00;OCC_1;0.0
2025-01-05 14:45:00;TEMP_1;19.29
2025-01-05 14:45:00;LUX_1;267.42
2025-01-05 14:45:00;OCC_1;0.0
2025-01-05 15:00:00;TEMP_1;19.41
2025-01-05 15:00:00;LUX_1;627.34
2025-01-05 15:00:00;OCC_1;0.0
2025-01-05 15:15:00;TEMP_1;23.96
2025-01-05 15:15:00;LUX_1;302.79
2025-01-05 15:15:00;OCC_1;0.0
2025-01-05 15:30:00;TEMP_1;24.53
2025-01-05 15:30:00;LUX_1;395.53
2025-01-05 15:30:00;OCC_1;1.0
2025-01-05 15:45:00;TEMP_1;24.8
2025-01-05 15:45:00;LUX_1;479.27
2025-01-05 15:45:00;OCC_1;0.0
2025-01-05 16:00:00;TEMP_1;24.1
2025-01-05 16:00:00;LUX_1;599.22
2025-01-05 16:00:00;OCC_1;0.0
2025-01-05 16:15:00;TEMP_1;26.14
2025-01-05 16:15:00;LUX_1;382.94
2025-01-05 16:15:00;OCC_1;0.0
2025-01-05 16:30:00;TEMP_1;25.53
2025-01-05 16:30:00;LUX_1;637.99
2025-01-05 16:30:00;OCC_1;1.0
2025-01-05 16:45:00;TEMP_1;26.04
2025-01-05 16:45:00;LUX_1;635.11
2025-01-05 16:45:00;OCC_1;0.0
2025-01-05 17:00:00;TEMP_1;28.09
2025-01-05 17:00:00;LUX_1;497.14
2025-01-05 17:00:00;OCC_1;0.0
2025-01-05 17:15:00;TEMP_1;24.61
2025-01-05 17:15:00;LUX_1;607.8
2025-01-05 17:15:00;OCC_1;0.0
2025-01-05 17:30:00;TEMP_1;22.65
2025-01-05 17:30:00;LUX_1;424.05
2025-01-05 17:30:00;OCC_1;0.0
2025-01-05 17:45:00;TEMP_1;22.69
2025-01-05 17:45:00;LUX_1;477.69
2025-01-05 17:45:00;OCC_1;1.0
2025-01-05 18:00:00;TEMP_1;24.86
2025-01-05 18:00:00;LUX_1;359.91
2025-01-05 18:00:00;OCC_1;0.0
2025-01-05 18:15:00;TEMP_1;23.14
2025-01-05 18:15:00;LUX_1;326.23
2025-01-05 18:15:00;OCC_1;0.0
2025-01-05 18:30:00;TEMP_1;24.35
2025-01-05 18:30:00;LUX_1;394.68
2025-01-05 18:30:00;OCC_1;0.0
2025-01-05 18:45:00;TEMP_1;24.25
2025-01-05 18:45:00;LUX_1;479.11
2025-01-05 18:45:00;OCC_1;0.0
2025-01-05 19:00:00;TEMP_1;20.69
2025-01-05 19:00:00;LUX_1;0.0
2025-01-05 19:00:00;OCC_1;0.0
2025-01-05 19:15:00;TEMP_1;21.26
2025-01-05 19:15:00;LUX_1;0.0
2025-01-05 19:15:00;OCC_1;0.0
2025-01-05 19:30:00;TEMP_1;19.7
2025-01-05 19:30:00;LUX_1;0.0
2025-01-05 19:30:00;OCC_1;0.0
2025-01-05 19:45:00;TEMP_1;18.9
2025-01-05 19:45:00;LUX_1;0.0
2025-01-05 19:45:00;OCC_1;0.0
2025-01-05 20:00:00;TEMP_1;19.39
2025-01-05 20:00:00;LUX_1;0.0
2025-01-05 20:00:00;OCC_1;0.0
2025-01-05 20:15:00;TEMP_1;18.94
2025-01-05 20:15:00;LUX_1;0.0
2025-01-05 20:15:00;OCC_1;0.0
2025-01-05 20:30:00;TEMP_1;18.94
2025-01-05 20:30:00;LUX_1;0.0
2025-01-05 20:30:00;OCC_1;1.0
2025-01-05 20:45:00;TEMP_1;22.9
2025-01-05 20:45:00;LUX_1;0.0
2025-01-05 20:45:00;OCC_1;0.0
2025-01-05 21:00:00;TEMP_1;20.9
2025-01-05 21:00:00;LUX_1;0.0
2025-01-05 21:00:00;OCC_1;0.0
2025-01-05 21:15:00;TEMP_1;23.08
2025-01-05 21:15:00;LUX_1;0.0
2025-01-05 21:15:00;OCC_1;0.0
2025-01-05 21:30:00;TEMP_1;22.75
2025-01-05 21:30:00;LUX_1;0.0
2025-01-05 21:30:00;OCC_1;0.0
2025-01-05 21:45:00;TEMP_1;18.68
2025-01-05 21:45:00;LUX_1;0.0
2025-01-05 21:45:00;OCC_1;0.0
2025-01-05 22:00:00;TEMP_1;19.06
2025-01-05 22:00:00;LUX_1;0.0
2025-01-05 22:00:00;OCC_1;1.0
2025-01-05 22:15:00;TEMP_1;18.47
2025-01-05 22:15:00;LUX_1;0.0
2025-01-05 22:15:00;OCC_1;0.0
2025-01-05 22:30:00;TEMP_1;22.38
2025-01-05 22:30:00;LUX_1;0.0
2025-01-05 22:30:00;OCC_1;0.0
2025-01-05 22:45:00;TEMP_1;23.03
2025-01-05 22:45:00;LUX_1;0.0
2025-01-05 22:45:00;OCC_1;0.0
2025-01-05 23:00:00;TEMP_1;19.72
2025-01-05 23:00:00;LUX_1;0.0
2025-01-05 23:00:00;OCC_1;0.0
2025-01-05 23:15:00;TEMP_1;19.86
2025-01-05 23:15:00;LUX_1;0.0
2025-01-05 23:15:00;OCC_1;0.0
2025-01-05 23:30:00;TEMP_1;22.08
2025-01-05 23:30:00;LUX_1;0.0
2025-01-05 23:30:00;OCC_1;0.0
2025-01-05 23:45:00;TEMP_1;21.41
2025-01-05 23:45:00;LUX_1;0.0
2025-01-05 23:45:00;OCC_1;0.0
2025-01-06 00:00:00;TEMP_1;21.81
2025-01-06 00:00:00;LUX_1;0.0
2025-01-06 00:00:00;OCC_1;0.0
2025-01-06 00:15:00;TEMP_1;18.72
2025-01-06 00:15:00;LUX_1;0.0
2025-01-06 00:15:00;OCC_1;0.0
2025-01-06 00:30:00;TEMP_1;23.81
2025-01-06 00:30:00;LUX_1;0.0
2025-01-06 00:30:00;OCC_1;0.0
2025-01-06 00:45:00;TEMP_1;16.96
2025-01-06 00:45:00;LUX_1;0.0
2025-01-06 00:45:00;OCC_1;0.0
2025-01-06 01:00:00;TEMP_1;16.64
2025-01-06 01:00:00;LUX_1;0.0
2025-01-06 01:00:00;OCC_1;0.0
2025-01-06 01:15:00;TEMP_1;18.95
2025-01-06 01:15:00;LUX_1;0.0
2025-01-06 01:15:00;OCC_1;1.0
2025-01-06 01:30:00;TEMP_1;18.22
2025-01-06 01:30:00;LUX_1;0.0
2025-01-06 01:30:00;OCC_1;0.0
2025-01-06 01:45:00;TEMP_1;18.01
2025-01-06 01:45:00;LUX_1;0.0
2025-01-06 01:45:00;OCC_1;0.0
2025-01-06 02:00:00;TEMP_1;17.7
2025-01-06 02:00:00;LUX_1;0.0
2025-01-06 02:00:00;OCC_1;0.0
2025-01-06 02:15:00;TEMP_1;17.87
2025-01-06 02:15:00;LUX_1;0.0
2025-01-06 02:15:00;OCC_1;0.0
2025-01-06 02:30:00;TEMP_1;21.04
2025-01-06 02:30:00;LUX_1;0.0
2025-01-06 02:30:00;OCC_1;0.0
2025-01-06 02:45:00;TEMP_1;20.96
2025-01-06 02:45:00;LUX_1;0.0
2025-01-06 02:45:00;OCC_1;0.0
2025-01-06 03:00:00;TEMP_1;17.49
2025-01-06 03:00:00;LUX_1;0.0
2025-01-06 03:00:00;OCC_1;0.0
2025-01-06 03:15:00;TEMP_1;19.7
2025-01-06 03:15:00;LUX_1;0.0
2025-01-06 03:15:00;OCC_1;0.0
2025-01-06 03:30:00;TEMP_1;18.35
2025-01-06 03:30:00;LUX_1;0.0
2025-01-06 03:30:00;OCC_1;0.0
2025-01-06 03:45:00;TEMP_1;20.48
2025-01-06 03:45:00;LUX_1;0.0
2025-01-06 03:45:00;OCC_1;0.0
2025-01-06 04:00:00;TEMP_1;15.8
2025-01-06 04:00:00;LUX_1;0.0
2025-01-06 04:00:00;OCC_1;0.0
2025-01-06 04:15:00;TEMP_1;18.54
2025-01-06 04:15:00;LUX_1;0.0
2025-01-06 04:15:00;OCC_1;0.0
2025-01-06 04:30:00;TEMP_1;19.62
2025-01-06 04:30:00;LUX_1;0.0
2025-01-06 04:30:00;OCC_1;1.0
2025-01-06 04:45:00;TEMP_1;20.51
2025-01-06 04:45:00;LUX_1;0.0
2025-01-06 04:45:00;OCC_1;0.0
2025-01-06 05:00:00;TEMP_1;20.62
2025-01-06 05:00:00;LUX_1;0.0
2025-01-06 05:00:00;OCC_1;0.0
2025-01-06 05:15:00;TEMP_1;21.46
2025-01-06 05:15:00;LUX_1;0.0
2025-01-06 05:15:00;OCC_1;0.0
2025-01-06 05:30:00;TEMP_1;21.32
2025-01-06 05:30:00;LUX_1;0.0
2025-01-06 05:30:00;OCC_1;0.0
2025-01-06 05:45:00;TEMP_1;18.04
2025-01-06 05:45:00;LUX_1;0.0
2025-01-06 05:45:00;OCC_1;0.0
2025-01-06 06:00:00;TEMP_1;21.37
2025-01-06 06:00:00;LUX_1;331.68
2025-01-06 06:00:00;OCC_1;0.0
2025-01-06 06:15:00;TEMP_1;23.68
2025-01-06 06:15:00;LUX_1;569.2
2025-01-06 06:15:00;OCC_1;0.0
2025-01-06 06:30:00;TEMP_1;23.13
2025-01-06 06:30:00;LUX_1;445.8
2025-01-06 06:30:00;OCC_1;0.0
2025-01-06 06:45:00;TEMP_1;25.57
2025-01-06 06:45:00;LUX_1;489.52
2025-01-06 06:45:00;OCC_1;0.0
2025-01-06 07:00:00;TEMP_1;24.71
2025-01-06 07:00:00;LUX_1;410.04
2025-01-06 07:00:00;OCC_1;0.0
2025-01-06 07:15:00;TEMP_1;24.77
2025-01-06 07:15:00;LUX_1;529.13
2025-01-06 07:15:00;OCC_1;0.0
2025-01-06 07:30:00;TEMP_1;22.57
2025-01-06 07:30:00;LUX_1;452.75
2025-01-06 07:30:00;OCC_1;0.0
2025-01-06 07:45:00;TEMP_1;24.22
2025-01-06 07:45:00;LUX_1;353.14
2025-01-06 07:45:00;OCC_1;0.0
2025-01-06 08:00:00;TEMP_1;24.77
2025-01-06 08:00:00;LUX_1;543.82
2025-01-06 08:00:00;OCC_1;1.0
2025-01-06 08:15:00;TEMP_1;23.45
2025-01-06 08:15:00;LUX_1;553.48
2025-01-06 08:15:00;OCC_1;1.0
2025-01-06 08:30:00;TEMP_1;26.31
2025-01-06 08:30:00;LUX_1;597.59
2025-01-06 08:30:00;OCC_1;1.0
2025-01-06 08:45:00;TEMP_1;23.76
2025-01-06 08:45:00;LUX_1;538.02
2025-01-06 08:45:00;OCC_1;1.0
2025-01-06 09:00:00;TEMP_1;23.61
2025-01-06 09:00:00;LUX_1;484.13
2025-01-06 09:00:00;OCC_1;1.0
2025-01-06 09:15:00;TEMP_1;25.1
2025-01-06 09:15:00;LUX_1;457.99
2025-01-06 09:15:00;OCC_1;0.0
2025-01-06 09:30:00;TEMP_1;23.51
2025-01-06 09:30:00;LUX_1;462.46
2025-01-06 09:30:00;OCC_1;0.0
2025-01-06 09:45:00;TEMP_1;22.59
2025-01-06 09:45:00;LUX_1;567.08
2025-01-06 09:45:00;OCC_1;1.0
2025-01-06 10:00:00;TEMP_1;17.61
2025-01-06 10:00:00;LUX_1;357.98
2025-01-06 10:00:00;OCC_1;1.0
2025-01-06 10:15:00;TEMP_1;23.73
2025-01-06 10:15:00;LUX_1;556.64
2025-01-06 10:15:00;OCC_1;0.0
2025-01-06 10:30:00;TEMP_1;22.32
2025-01-06 10:30:00;LUX_1;517.59
2025-01-06 10:30:00;OCC_1;1.0
2025-01-06 10:45:00;TEMP_1;26.28
2025-01-06 10:45:00;LUX_1;594.69
2025-01-06 10:45:00;OCC_1;1.0
2025-01-06 11:00:00;TEMP_1;24.48
2025-01-06 11:00:00;LUX_1;545.83
2025-01-06 11:00:00;OCC_1;1.0
2025-01-06 11:15:00;TEMP_1;22.89
2025-01-06 11:15:00;LUX_1;658.63
2025-01-06 11:15:00;OCC_1;1.0
2025-01-06 11:30:00;TEMP_1;22.31
2025-01-06 11:30:00;LUX_1;612.25
2025-01-06 11:30:00;OCC_1;0.0
2025-01-06 11:45:00;TEMP_1;24.46
2025-01-06 11:45:00;LUX_1;534.02
2025-01-06 11:45:00;OCC_1;1.0
2025-01-06 12:00:00;TEMP_1;25.69
2025-01-06 12:00:00;LUX_1;665.05
2025-01-06 12:00:00;OCC_1;0.0
2025-01-06 12:15:00;TEMP_1;21.61
2025-01-06 12:15:00;LUX_1;535.15
2025-01-06 12:15:00;OCC_1;0.0
2025-01-06 12:30:00;TEMP_1;23.34
2025-01-06 12:30:00;LUX_1;587.33
2025-01-06 12:30:00;OCC_1;1.0
2025-01-06 12:45:00;TEMP_1;23.05
2025-01-06 12:45:00;LUX_1;454.94
2025-01-06 12:45:00;OCC_1;1.0
2025-01-06 13:00:00;TEMP_1;22.58
2025-01-06 13:00:00;LUX_1;365.31
2025-01-06 13:00:00;OCC_1;1.0
2025-01-06 13:15:00;TEMP_1;24.72
2025-01-06 13:15:00;LUX_1;531.43
2025-01-06 13:15:00;OCC_1;1.0
2025-01-06 13:30:00;TEMP_1;22.76
2025-01-06 13:30:00;LUX_1;340.5
2025-01-06 13:30:00;OCC_1;1.0
2025-01-06 13:45:00;TEMP_1;25.85
2025-01-06 13:45:00;LUX_1;361.6
2025-01-06 13:45:00;OCC_1;1.0
2025-01-06 14:00:00;TEMP_1;22.73
2025-01-06 14:00:00;LUX_1;364.48
2025-01-06 14:00:00;OCC_1;1.0
2025-01-06 14:15:00;TEMP_1;24.79
2025-01-06 14:15:00;LUX_1;304.29
2025-01-06 14:15:00;OCC_1;1.0
2025-01-06 14:30:00;TEMP_1;22.81
2025-01-06 14:30:00;LUX_1;501.26
2025-01-06 14:30:00;OCC_1;1.0
2025-01-06 14:45:00;TEMP_1;23.76
2025-01-06 14:45:00;LUX_1;453.71
2025-01-06 14:45:00;OCC_1;1.0
2025-01-06 15:00:00;TEMP_1;27.65
2025-01-06 15:00:00;LUX_1;499.41
2025-01-06 15:00:00;OCC_1;1.0
2025-01-06 15:15:00;TEMP_1;22.47
2025-01-06 15:15:00;LUX_1;579.35
2025-01-06 15:15:00;OCC_1;1.0
2025-01-06 15:30:00;TEMP_1;27.32
2025-01-06 15:30:00;LUX_1;386.1
2025-01-06 15:30:00;OCC_1;1.0
2025-01-06 15:45:00;TEMP_1;22.86
2025-01-06 15:45:00;LUX_1;505.07
2025-01-06 15:45:00;OCC_1;0.0
2025-01-06 16:00:00;TEMP_1;24.92
2025-01-06 16:00:00;LUX_1;653.57
2025-01-06 16:00:00;OCC_1;1.0
2025-01-06 16:15:00;TEMP_1;22.66
2025-01-06 16:15:00;LUX_1;591.9
2025-01-06 16:15:00;OCC_1;1.0
2025-01-06 16:30:00;TEMP_1;23.3
2025-01-06 16:30:00;LUX_1;486.81
2025-01-06 16:30:00;OCC_1;0.0
2025-01-06 16:45:00;TEMP_1;25.89
2025-01-06 16:45:00;LUX_1;541.87
2025-01-06 16:45:00;OCC_1;1.0
2025-01-06 17:00:00;TEMP_1;28.24
2025-01-06 17:00:00;LUX_1;461.7
2025-01-06 17:00:00;OCC_1;0.0
2025-01-06 17:15:00;TEMP_1;24.71
2025-01-06 17:15:00;LUX_1;512.24
2025-01-06 17:15:00;OCC_1;0.0
2025-01-06 17:30:00;TEMP_1;26.14
2025-01-06 17:30:00;LUX_1;629.24
2025-01-06 17:30:00;OCC_1;0.0
2025-01-06 17:45:00;TEMP_1;25.48
2025-01-06 17:45:00;LUX_1;326.23
2025-01-06 17:45:00;OCC_1;1.0
2025-01-06 18:00:00;TEMP_1;19.67
2025-01-06 18:00:00;LUX_1;539.0
2025-01-06 18:00:00;OCC_1;1.0
2025-01-06 18:15:00;TEMP_1;27.06
2025-01-06 18:15:00;LUX_1;494.25
2025-01-06 18:15:00;OCC_1;0.0
2025-01-06 18:30:00;TEMP_1;25.78
2025-01-06 18:30:00;LUX_1;505.94
2025-01-06 18:30:00;OCC_1;0.0
2025-01-06 18:45:00;TEMP_1;22.98
2025-01-06 18:45:00;LUX_1;611.43
2025-01-06 18:45:00;OCC_1;1.0
2025-01-06 19:00:00;TEMP_1;18.6
2025-01-06 19:00:00;LUX_1;0.0
2025-01-06 19:00:00;OCC_1;0.0
2025-01-06 19:15:00;TEMP_1;20.65
2025-01-06 19:15:00;LUX_1;0.0
2025-01-06 19:15:00;OCC_1;0.0
2025-01-06 19:30:00;TEMP_1;18.99
2025-01-06 19:30:00;LUX_1;0.0
2025-01-06 19:30:00;OCC_1;0.0
2025-01-06 19:45:00;TEMP_1;16.71
2025-01-06 19:45:00;LUX_1;0.0
2025-01-06 19:45:00;OCC_1;0.0
2025-01-06 20:00:00;TEMP_1;19.11
2025-01-06 20:00:00;LUX_1;0.0
2025-01-06 20:00:00;OCC_1;0.0
2025-01-06 20:15:00;TEMP_1;17.1
2025-01-06 20:15:00;LUX_1;0.0
2025-01-06 20:15:00;OCC_1;0.0
2025-01-06 20:30:00;TEMP_1;19.04
2025-01-06 20:30:00;LUX_1;0.0
2025-01-06 20:30:00;OCC_1;0.0
2025-01-06 20:45:00;TEMP_1;20.37
2025-01-06 20:45:00;LUX_1;0.0
2025-01-06 20:45:00;OCC_1;0.0
2025-01-06 21:00:00;TEMP_1;19.75
2025-01-06 21:00:00;LUX_1;0.0
2025-01-06 21:00:00;OCC_1;0.0
2025-01-06 21:15:00;TEMP_1;19.24
2025-01-06 21:15:00;LUX_1;0.0
2025-01-06 21:15:00;OCC_1;1.0
2025-01-06 21:30:00;TEMP_1;24.71
2025-01-06 21:30:00;LUX_1;0.0
2025-01-06 21:30:00;OCC_1;0.0
2025-01-06 21:45:00;TEMP_1;21.78
2025-01-06 21:45:00;LUX_1;0.0
2025-01-06 21:45:00;OCC_1;0.0
2025-01-06 22:00:00;TEMP_1;17.95
2025-01-06 22:00:00;LUX_1;0.0
2025-01-06 22:00:00;OCC_1;0.0
2025-01-06 22:15:00;TEMP_1;20.97
2025-01-06 22:15:00;LUX_1;0.0
2025-01-06 22:15:00;OCC_1;0.0
2025-01-06 22:30:00;TEMP_1;21.44
2025-01-06 22:30:00;LUX_1;0.0
2025-01-06 22:30:00;OCC_1;0.0
2025-01-06 22:45:00;TEMP_1;22.45
2025-01-06 22:45:00;LUX_1;0.0
2025-01-06 22:45:00;OCC_1;0.0
2025-01-06 23:00:00;TEMP_1;20.63
2025-01-06 23:00:00;LUX_1;0.0
2025-01-06 23:00:00;OCC_1;0.0
2025-01-06 23:15:00;TEMP_1;23.03
2025-01-06 23:15:00;LUX_1;0.0
2025-01-06 23:15:00;OCC_1;0.0
2025-01-06 23:30:00;TEMP_1;18.27
2025-01-06 23:30:00;LUX_1;0.0
2025-01-06 23:30:00;OCC_1;0.0
2025-01-06 23:45:00;TEMP_1;22.35
2025-01-06 23:45:00;LUX_1;0.0
2025-01-06 23:45:00;OCC_1;0.0
2025-01-07 00:00:00;TEMP_1;21.22
2025-01-07 00:00:00;LUX_1;0.0
2025-01-07 00:00:00;OCC_1;1.0
2025-01-07 00:15:00;TEMP_1;21.2
2025-01-07 00:15:00;LUX_1;0.0
2025-01-07 00:15:00;OCC_1;0.0
2025-01-07 00:30:00;TEMP_1;21.34
2025-01-07 00:30:00;LUX_1;0.0
2025-01-07 00:30:00;OCC_1;0.0
2025-01-07 00:45:00;TEMP_1;19.28
2025-01-07 00:45:00;LUX_1;0.0
2025-01-07 00:45:00;OCC_1;1.0
2025-01-07 01:00:00;TEMP_1;21.81
2025-01-07 01:00:00;LUX_1;0.0
2025-01-07 01:00:00;OCC_1;0.0
2025-01-07 01:15:00;TEMP_1;22.21
2025-01-07 01:15:00;LUX_1;0.0
2025-01-07 01:15:00;OCC_1;0.0
2025-01-07 01:30:00;TEMP_1;18.78
2025-01-07 01:30:00;LUX_1;0.0
2025-01-07 01:30:00;OCC_1;0.0
2025-01-07 01:45:00;TEMP_1;20.69
2025-01-07 01:45:00;LUX_1;0.0
2025-01-07 01:45:00;OCC_1;0.0
2025-01-07 02:00:00;TEMP_1;22.33
2025-01-07 02:00:00;LUX_1;0.0
2025-01-07 02:00:00;OCC_1;0.0
2025-01-07 02:15:00;TEMP_1;21.58
2025-01-07 02:15:00;LUX_1;0.0
2025-01-07 02:15:00;OCC_1;0.0
2025-01-07 02:30:00;TEMP_1;18.48
2025-01-07 02:30:00;LUX_1;0.0
2025-01-07 02:30:00;OCC_1;0.0
2025-01-07 02:45:00;TEMP_1;18.64
2025-01-07 02:45:00;LUX_1;0.0
2025-01-07 02:45:00;OCC_1;0.0
2025-01-07 03:00:00;TEMP_1;15.8
2025-01-07 03:00:00;LUX_1;0.0
2025-01-07 03:00:00;OCC_1;0.0
2025-01-07 03:15:00;TEMP_1;19.09
2025-01-07 03:15:00;LUX_1;0.0
2025-01-07 03:15:00;OCC_1;0.0
2025-01-07 03:30:00;TEMP_1;17.02
2025-01-07 03:30:00;LUX_1;0.0
2025-01-07 03:30:00;OCC_1;0.0
2025-01-07 03:45:00;TEMP_1;18.28
2025-01-07 03:45:00;LUX_1;0.0
2025-01-07 03:45:00;OCC_1;1.0
2025-01-07 04:00:00;TEMP_1;19.15
2025-01-07 04:00:00;LUX_1;0.0
2025-01-07 04:00:00;OCC_1;0.0
2025-01-07 04:15:00;TEMP_1;20.92
2025-01-07 04:15:00;LUX_1;0.0
2025-01-07 04:15:00;OCC_1;0.0
2025-01-07 04:30:00;TEMP_1;16.55
2025-01-07 04:30:00;LUX_1;0.0
2025-01-07 04:30:00;OCC_1;1.0
2025-01-07 04:45:00;TEMP_1;22.23
2025-01-07 04:45:00;LUX_1;0.0
2025-01-07 04:45:00;OCC_1;0.0
2025-01-07 05:00:00;TEMP_1;19.36
2025-01-07 05:00:00;LUX_1;0.0
2025-01-07 05:00:00;OCC_1;0.0
2025-01-07 05:15:00;TEMP_1;21.46
2025-01-07 05:15:00;LUX_1;0.0
2025-01-07 05:15:00;OCC_1;0.0
2025-01-07 05:30:00;TEMP_1;19.12
2025-01-07 05:30:00;LUX_1;0.0
2025-01-07 05:30:00;OCC_1;0.0
2025-01-07 05:45:00;TEMP_1;20.81
2025-01-07 05:45:00;LUX_1;0.0
2025-01-07 05:45:00;OCC_1;0.0
2025-01-07 06:00:00;TEMP_1;24.53
2025-01-07 06:00:00;LUX_1;375.93
2025-01-07 06:00:00;OCC_1;1.0
2025-01-07 06:15:00;TEMP_1;25.2
2025-01-07 06:15:00;LUX_1;582.49
2025-01-07 06:15:00;OCC_1;0.0
2025-01-07 06:30:00;TEMP_1;21.45
2025-01-07 06:30:00;LUX_1;505.56
2025-01-07 06:30:00;OCC_1;1.0
2025-01-07 06:45:00;TEMP_1;27.73
2025-01-07 06:45:00;LUX_1;533.42
2025-01-07 06:45:00;OCC_1;0.0
2025-01-07 07:00:00;TEMP_1;27.21
2025-01-07 07:00:00;LUX_1;543.03
2025-01-07 07:00:00;OCC_1;0.0
2025-01-07 07:15:00;TEMP_1;22.22
2025-01-07 07:15:00;LUX_1;596.05
2025-01-07 07:15:00;OCC_1;0.0
2025-01-07 07:30:00;TEMP_1;25.04
2025-01-07 07:30:00;LUX_1;440.96
2025-01-07 07:30:00;OCC_1;0.0
2025-01-07 07:45:00;TEMP_1;22.8
2025-01-07 07:45:00;LUX_1;621.5
2025-01-07 07:45:00;OCC_1;0.0
2025-01-07 08:00:00;TEMP_1;23.83
2025-01-07 08:00:00;LUX_1;682.07
2025-01-07 08:00:00;OCC_1;1.0
2025-01-07 08:15:00;TEMP_1;22.82
2025-01-07 08:15:00;LUX_1;605.7
2025-01-07 08:15:00;OCC_1;1.0
2025-01-07 08:30:00;TEMP_1;27.63
2025-01-07 08:30:00;LUX_1;595.15
2025-01-07 08:30:00;OCC_1;0.0
2025-01-07 08:45:00;TEMP_1;24.49
2025-01-07 08:45:00;LUX_1;376.07
2025-01-07 08:45:00;OCC_1;1.0
2025-01-07 09:00:00;TEMP_1;24.65
2025-01-07 09:00:00;LUX_1;560.39
2025-01-07 09:00:00;OCC_1;1.0
2025-01-07 09:15:00;TEMP_1;23.12
2025-01-07 09:15:00;LUX_1;385.5
2025-01-07 09:15:00;OCC_1;0.0
2025-01-07 09:30:00;TEMP_1;27.55
2025-01-07 09:30:00;LUX_1;493.56
2025-01-07 09:30:00;OCC_1;1.0
2025-01-07 09:45:00;TEMP_1;24.76
2025-01-07 09:45:00;LUX_1;578.25
2025-01-07 09:45:00;OCC_1;1.0
2025-01-07 10:00:00;TEMP_1;23.71
2025-01-07 10:00:00;LUX_1;587.19
2025-01-07 10:00:00;OCC_1;1.0
2025-01-07 10:15:00;TEMP_1;25.71
2025-01-07 10:15:00;LUX_1;619.02
2025-01-07 10:15:00;OCC_1;1.0
2025-01-07 10:30:00;TEMP_1;25.97
2025-01-07 10:30:00;LUX_1;400.84
2025-01-07 10:30:00;OCC_1;1.0
2025-01-07 10:45:00;TEMP_1;21.96
2025-01-07 10:45:00;LUX_1;646.13
2025-01-07 10:45:00;OCC_1;1.0
2025-01-07 11:00:00;TEMP_1;23.21
2025-01-07 11:00:00;LUX_1;489.07
2025-01-07 11:00:00;OCC_1;1.0
2025-01-07 11:15:00;TEMP_1;22.38
2025-01-07 11:15:00;LUX_1;446.75
2025-01-07 11:15:00;OCC_1;1.0
2025-01-07 11:30:00;TEMP_1;26.29
2025-01-07 11:30:00;LUX_1;599.81
2025-01-07 11:30:00;OCC_1;1.0
2025-01-07 11:45:00;TEMP_1;23.18
2025-01-07 11:45:00;LUX_1;593.4
2025-01-07 11:45:00;OCC_1;1.0
2025-01-07 12:00:00;TEMP_1;24.23
2025-01-07 12:00:00;LUX_1;544.37
2025-01-07 12:00:00;OCC_1;1.0
2025-01-07 12:15:00;TEMP_1;22.6
2025-01-07 12:15:00;LUX_1;550.88
2025-01-07 12:15:00;OCC_1;1.0
2025-01-07 12:30:00;TEMP_1;24.48
2025-01-07 12:30:00;LUX_1;477.67
2025-01-07 12:30:00;OCC_1;0.0
2025-01-07 12:45:00;TEMP_1;23.38
2025-01-07 12:45:00;LUX_1;563.53
2025-01-07 12:45:00;OCC_1;1.0
2025-01-07 13:00:00;TEMP_1;24.35
2025-01-07 13:00:00;LUX_1;521.92
2025-01-07 13:00:00;OCC_1;1.0
2025-01-07 13:15:00;TEMP_1;27.89
2025-01-07 13:15:00;LUX_1;603.57
2025-01-07 13:15:00;OCC_1;0.0
2025-01-07 13:30:00;TEMP_1;26.13
2025-01-07 13:30:00;LUX_1;601.0
2025-01-07 13:30:00;OCC_1;1.0
2025-01-07 13:45:00;TEMP_1;22.97
2025-01-07 13:45:00;LUX_1;574.01
2025-01-07 13:45:00;OCC_1;1.0
2025-01-07 14:00:00;TEMP_1;27.0
2025-01-07 14:00:00;LUX_1;445.05
2025-01-07 14:00:00;OCC_1;0.0
2025-01-07 14:15:00;TEMP_1;24.22
2025-01-07 14:15:00;LUX_1;434.08
2025-01-07 14:15:00;OCC_1;1.0
2025-01-07 14:30:00;TEMP_1;24.04
2025-01-07 14:30:00;LUX_1;434.01
2025-01-07 14:30:00;OCC_1;0.0
2025-01-07 14:45:00;TEMP_1;23.35
2025-01-07 14:45:00;LUX_1;654.89
2025-01-07 14:45:00;OCC_1;1.0
2025-01-07 15:00:00;TEMP_1;25.21
2025-01-07 15:00:00;LUX_1;498.14
2025-01-07 15:00:00;OCC_1;1.0
2025-01-07 15:15:00;TEMP_1;24.53
2025-01-07 15:15:00;LUX_1;488.93
2025-01-07 15:15:00;OCC_1;0.0
2025-01-07 15:30:00;TEMP_1;20.9
2025-01-07 15:30:00;LUX_1;484.35
2025-01-07 15:30:00;OCC_1;1.0
2025-01-07 15:45:00;TEMP_1;22.1
2025-01-07 15:45:00;LUX_1;539.35
2025-01-07 15:45:00;OCC_1;1.0
2025-01-07 16:00:00;TEMP_1;24.08
2025-01-07 16:00:00;LUX_1;473.87
2025-01-07 16:00:00;OCC_1;1.0
2025-01-07 16:15:00;TEMP_1;22.73
2025-01-07 16:15:00;LUX_1;407.27
2025-01-07 16:15:00;OCC_1;1.0
2025-01-07 16:30:00;TEMP_1;21.67
2025-01-07 16:30:00;LUX_1;469.48
2025-01-07 16:30:00;OCC_1;0.0
2025-01-07 16:45:00;TEMP_1;22.37
2025-01-07 16:45:00;LUX_1;326.37
2025-01-07 16:45:00;OCC_1;0.0
2025-01-07 17:00:00;TEMP_1;25.25
2025-01-07 17:00:00;LUX_1;337.29
2025-01-07 17:00:00;OCC_1;1.0
2025-01-07 17:15:00;TEMP_1;24.37
2025-01-07 17:15:00;LUX_1;473.52
2025-01-07 17:15:00;OCC_1;0.0
2025-01-07 17:30:00;TEMP_1;28.23
2025-01-07 17:30:00;LUX_1;512.09
2025-01-07 17:30:00;OCC_1;1.0
2025-01-07 17:45:00;TEMP_1;25.99
2025-01-07 17:45:00;LUX_1;514.54
2025-01-07 17:45:00;OCC_1;0.0
2025-01-07 18:00:00;TEMP_1;18.78
2025-01-07 18:00:00;LUX_1;575.68
2025-01-07 18:00:00;OCC_1;0.0
2025-01-07 18:15:00;TEMP_1;24.86
2025-01-07 18:15:00;LUX_1;389.42
2025-01-07 18:15:00;OCC_1;0.0
2025-01-07 18:30:00;TEMP_1;24.84
2025-01-07 18:30:00;LUX_1;517.29
2025-01-07 18:30:00;OCC_1;1.0
2025-01-07 18:45:00;TEMP_1;25.78
2025-01-07 18:45:00;LUX_1;557.73
2025-01-07 18:45:00;OCC_1;1.0
2025-01-07 19:00:00;TEMP_1;19.65
2025-01-07 19:00:00;LUX_1;0.0
2025-01-07 19:00:00;OCC_1;0.0
2025-01-07 19:15:00;TEMP_1;17.28
2025-01-07 19:15:00;LUX_1;0.0
2025-01-07 19:15:00;OCC_1;0.0
2025-01-07 19:30:00;TEMP_1;23.27
2025-01-07 19:30:00;LUX_1;0.0
2025-01-07 19:30:00;OCC_1;0.0
2025-01-07 19:45:00;TEMP_1;19.71
2025-01-07 19:45:00;LUX_1;0.0
2025-01-07 19:45:00;OCC_1;0.0
2025-01-07 20:00:00;TEMP_1;21.98
2025-01-07 20:00:00;LUX_1;0.0
2025-01-07 20:00:00;OCC_1;0.0
2025-01-07 20:15:00;TEMP_1;20.58
2025-01-07 20:15:00;LUX_1;0.0
2025-01-07 20:15:00;OCC_1;0.0
2025-01-07 20:30:00;TEMP_1;19.18
2025-01-07 20:30:00;LUX_1;0.0
2025-01-07 20:30:00;OCC_1;1.0
2025-01-07 20:45:00;TEMP_1;20.26
2025-01-07 20:45:00;LUX_1;0.0
2025-01-07 20:45:00;OCC_1;0.0
2025-01-07 21:00:00;TEMP_1;20.44
2025-01-07 21:00:00;LUX_1;0.0
2025-01-07 21:00:00;OCC_1;0.0
2025-01-07 21:15:00;TEMP_1;19.43
2025-01-07 21:15:00;LUX_1;0.0
2025-01-07 21:15:00;OCC_1;0.0
2025-01-07 21:30:00;TEMP_1;17.69
2025-01-07 21:30:00;LUX_1;0.0
2025-01-07 21:30:00;OCC_1;0.0
2025-01-07 21:45:00;TEMP_1;20.83
2025-01-07 21:45:00;LUX_1;0.0
2025-01-07 21:45:00;OCC_1;0.0
2025-01-07 22:00:00;TEMP_1;20.25
2025-01-07 22:00:00;LUX_1;0.0
2025-01-07 22:00:00;OCC_1;0.0
2025-01-07 22:15:00;TEMP_1;20.22
2025-01-07 22:15:00;LUX_1;0.0
2025-01-07 22:15:00;OCC_1;0.0
2025-01-07 22:30:00;TEMP_1;19.01
2025-01-07 22:30:00;LUX_1;0.0
2025-01-07 22:30:00;OCC_1;0.0
2025-01-07 22:45:00;TEMP_1;19.65
2025-01-07 22:45:00;LUX_1;0.0
2025-01-07 22:45:00;OCC_1;0.0
2025-01-07 23:00:00;TEMP_1;22.79
2025-01-07 23:00:00;LUX_1;0.0
2025-01-07 23:00:00;OCC_1;0.0
2025-01-07 23:15:00;TEMP_1;16.0
2025-01-07 23:15:00;LUX_1;0.0
2025-01-07 23:15:00;OCC_1;0.0
2025-01-07 23:30:00;TEMP_1;20.44
2025-01-07 23:30:00;LUX_1;0.0
2025-01-07 23:30:00;OCC_1;0.0
2025-01-07 23:45:00;TEMP_1;19.18
2025-01-07 23:45:00;LUX_1;0.0
2025-01-07 23:45:00;OCC_1;1.0
